ID,Barack Obama,Michael Jackson,Eminem,Justin Bieber,Lady Gaga,Adolf Hitler,Lil Wayne,Rihanna,Miley Cyrus,Kim Kardashian,Selena Gomez,Steve Jobs,Nicki Minaj,Abraham Lincoln,Mark Zuckerberg,Taylor Swift,Tupac Shakur,Mila Kunis,Katy Perry,Johnny Depp,William Shakespeare,Cristiano Ronaldo,Angelina Jolie,Albert Einstein,Megan Fox,John F. Kennedy,Jay-Z,Kanye West,Nelson Mandela,Michael Jordan,Beyoncé,Britney Spears,Will Smith,Lionel Messi,Arnold Schwarzenegger,Leonardo Da Vinci,Kristen Stewart,Demi Lovato,Bill Gates,Bruce Lee,George Bush,John Cena,Leonardo DiCaprio,John Lennon,Stephen Hawking,Elvis Presley,Heath Ledger,Osama bin Laden,Charlie Sheen,Jennifer Aniston,Bob Marley,Brad Pitt,Jesus Christ,Tom Cruise,Scarlett Johansson,Sarah Palin,Robert Pattinson,Mariah Carey,Amy Winehouse,Muhammad Ali,Jennifer Lopez,Natalie Portman,Mark Wahlberg,Ronald Reagan,Justin Timberlake,Charles Manson,Sasha Grey,Emma Watson,Freddie Mercury,Bruno Mars,George Washington,Zooey Deschanel,Che Guevara,Whitney Houston,Kobe Bryant,Franklin D. Roosevelt,Snoop Dogg,Shakira,Neil Patrick Harris,LeBron James,Ryan Reynolds,Isaac Newton,Shahrukh Khan,Sylvester Stallone,Christian Bale,Lindsay Lohan,Triple H,Bill Clinton,Margaret Thatcher,Macaulay Culkin,Channing Tatum,Kaley Cuoco,Taylor Lautner,Adam Sandler,Emma Stone,Kurt Cobain,Jackie Chan,Ashton Kutcher,Salman Khan,Vanessa Hudgens,Joseph Stalin,Nikola Tesla,Kesha,Sandra Bullock,Dr. Dre,Christina Aguilera,Avril Lavigne,Elizabeth Taylor,Brittany Murphy,Jim Carrey,Sunny Leone,Manny Pacquiáo,David Beckham,Thomas Jefferson,Mitt Romney,Winston Churchill,Roger Federer,Ernest Hemingway,Julius Caesar,Muhammad,Richard Nixon,Warren Buffett,Benjamin Franklin,Theodore Roosevelt,Jenna Jameson,Mike Tyson,Charles Darwin,Al Capone,Edgar Allan Poe,Malcolm X,Walt Disney,John McCain,Sigmund Freud,Michael Phelps,Galileo Galilei,Sachin Tendulkar,Aristotle,Oprah Winfrey,Tiger Woods,Neil Armstrong,Rafael Nadal,Spartacus,Shaquille O'Neal,Karl Marx,Paris Hilton,Hugh Hefner,Marie Antoinette,Ted Bundy,Ronaldo,Usain Bolt,Fedor Emelianenko,Fidel Castro,Charles Dickens,Ronaldinho,Anne Boleyn,Jimmy Carter,Hulk Hogan,Genghis Khan,Mother Teresa,Plato,Jeffrey Dahmer,CM Punk,Fernando Torres,Napoleon Bonaparte,Friedrich Nietzsche,Randy Orton,Dwight D. Eisenhower,Queen Victoria,Donald Trump,Stephen King,Simon Cowell,Rosa Parks,Mao Zedong,Kim Jong-il,Amelia Earhart,Steve Wozniak,Oscar Wilde,Anne Frank,Mahatma Gandhi,Gautama Buddha,Guy Fawkes,John Adams,Michelle Obama,Martin Luther,Benito Mussolini,Saddam Hussein,Joe Biden,Helen Keller,J. Edgar Hoover,Wayne Rooney,Vladimir Putin,Shawn Michaels,Pope Benedict XVI,Socrates,Magic Johnson,Jeff Hardy,Mark Twain,Jacqueline Kennedy Onassis,Lyndon B. Johnson,Jane Austen,Kaká,Ayn Rand,Rosie Huntington-Whiteley,Bear Grylls,Howard Hughes,Heidi Klum,Joseph Kony,Ron Paul,Miranda Kerr,Lance Armstrong,Zlatan Ibrahimovi?,Harry S. Truman,Adriana Lima,Marie Curie,Dr. Seuss,Chris Jericho,Jesse James,Jeremy Clarkson,Woodrow Wilson,Ed Gein,Gisele Bündchen,Pablo Escobar,Hillary Rodham Clinton,Vladimir Lenin,Babe Ruth,Serena Williams,Pocahontas,Neymar da Silva,Rupert Murdoch,Nicolaus Copernicus,SIR Richard Branson,Thierry Henry,Robert F. Kennedy,Harry Houdini,Novak Djokovic,Ulysses S. Grant,Julian Assange,Maria Sharapova,Ted Kennedy,Nostradamus,Julia Child,Lee Harvey Oswald,Tyra Banks,Vince McMahon,Zinedine Zidane,Henry Ford,Wladimir Klitschko,Jackie Robinson,Bam Margera,Josef Mengele,Charlemagne,Noam Chomsky,Grigori Rasputin,Pelé,Christopher Hitchens,Kurt Angle,Alan Turing,Ryan Giggs,Aleister Crowley,Allen Iverson,Lamar Odom,Conan O'Brien,Carlos Slim Helú,Zodiac Killer,Augustus,Dwyane Wade,Nero,Simon Pegg,Dennis Rodman,Moses,Voltaire,Roger Ebert,Roald Dahl,Monica Lewinsky,Tutankhamun,Robin van Persie,George Orwell,Stephen Colbert,Carl Sagan,Didier Drogba,Dalip Singh,Immanuel Kant,Confucius,Tera Patrick,Jim Jones,Caligula,Alex Ferguson,Frederick Douglass,David Cameron,Linda Lovelace,Andrew Murray,Yao Ming,Diego Maradona,Herbert Hoover,Niccolò Machiavelli,Kim Jong-un,Kevin Durant,Wilt Chamberlain,Kate Moss,race,gender,political orientation
20,,,60,,,21,,,,,,,,69,,,,,,,,,70,,,,,,,,70,,,,,,,,,,,58,82,63,,,,,,,,,,,29,,,,,,,,,,,,,,,,,,,,,,,,,,,,,,,,,54,,,,,,,,,,,,,,,,55,,,31,,,,,,,71,,,,29,80,,,,,,,,,,,,,,,,,,,,,,,58,,,,,,,59,,,,,,,,,,,,,,,67,,,,,0,,42,,,,,,33,,93,83,,,,,,,55,40,59,,,,,,,,,,,,,,,,,,,,,,,,,,59,,,,,,,,,,42,,,,,,,,,19,,,,9,,,,,55,,,,,57,,2,43,,,61,,,,,,,18,,,,,,,,,,,,,,,,55,,,,,,,,,,,89,,,,,,,,,,,,Asian,Female,Democrat
78,,39,,40,,,,,,,,,,,,,,,,,,,,80,,,,,83,,,21,60,,,,,34,,,40,,,,,,,5,,,,,,,,,,,,,42,,,60,,,,,,,,,,,,,,,,,,,,,,,,,,,,,,,,,20,,,,,,,,,,,,,,,,,,,,,,,,,,,,,,65,,33,,30,,,,,,,,,,,,,,,,,,,,,30,,,,,,27,,80,,,,,,,,,,,,,,,,,,62,79,,,,,90,,,,,,,,,,86,,,56,,,,,71,,,,,,,,,,,,,,,,,,,,,,,,,,,,79,,,,3,,,,,70,,,,,,,,,,,,,,,,,,,,,,,,,,,,,,,,,,,,,,,,,,,,,,,,,,,,,,,,,,,69,,Asian,Female,Democrat
87,,30,,12,,,17,,,,,,,,,,,16,28,,,,,,16,,,26,,,65,,,,,,,,,,,,,,,,,,7,,63,,65,,,,,37,,,,63,,,,,,67,,,,,,,,,,18,,,,,,,,,,,,,,,,,,,,,,,,67,,,,,,,,,,,,,,,,68,,69,,,,,,,,,,,,,,,,,69,,,61,,,,,20,,,,,25,,,64,,,,,,,,,,,29,,,,,,,,,13,,,,,,54,,,,,70,,,,,,,,,,,,,,,,,,,,,,,,,,,,,,85,,,,,,,,,,,,,,,,,,,,,,,,,,,,,,,,,,,,,,,,,,,,,,,,,,,,,,,,60,,,,,,,,,,,,,63,,,,,,,,,,,,,,,,,Asian,Female,Democrat
92,93,38,,,,,,,,,42,,,85,,,,,,55,,,,,,,,,72,,76,,67,,,,,,,,,,,,,,,,,70,,,,,,,,,,,,,,,,,,,,,,,,,,,,73,65,,,,,,,,,,70,,,,,63,,,,,,,,,,,,,,,64,60,,,,,70,,,,,84,73,,,,,,,70,,,,71,74,,,,,,,,,,,,,,,28,,,,63,,,,,,,,,,,,,36,,83,,,,,,,,,,70,,,,,85,,,,60,,,,,,,,,72,,,68,,,,,,,,,,,,,,,,,,,,,83,,,,,,,,,,55,,,,,,,,,65,,,,,,,,,,,,,,,,,,,,,,,,,,,68,,,,,,,,,,,,,,,,,,,,,,,,,,,57,,,,,,,,Asian,Female,Democrat
149,,9,,,,,,,,,,,,,,,,,,,,,58,,,,30,,,42,,,,,,,48,,,,,45,,12,81,17,,,,,,,,,,,,,,15,37,,,,,,,,,44,,,,,,,5,,,,,,,,,,,81,,,,,20,24,,28,,41,,,,,,20,,,,,,,,15,,,,,,,,,,,,,,,,,56,,66,,,51,,,,,,,,,,,23,17,,,37,,,,,,,,21,,,,,,,,,,,,,,,,,56,,,,,,,23,,,,6,,,,69,,,,,,,,,,,57,,,,57,,,,,,,,,21,,61,,,,,,,,,,,,,,,,,,,,,,,,,,,,60,,,,,,,,82,,63,,,,,,,,,,,,,,,,,,75,,,,,,,,,,,,,,,,,72,,,,,,54,66,,,,,Asian,Female,Democrat
150,89,,30,,,,,62,,,,,,,,,,,,,70,,,89,,,,,76,,70,61,,,55,,,,,,68,,,,,,,,,,,63,,,,,,,,,,,,,,,,,,,,,,,,,21,61,64,,,,,,,,,64,74,,,30,,,,,,72,,,29,,,,,,,,,,,,59,,,,,88,,,,,,,,,71,,,,,,,,,,,,,,,,,,25,,,0,,,,39,,,,,,76,,,,,,70,,,72,,,62,76,,,,,,,,,,,,,,,,,,,,,,,,,,,,,,,,,,,19,,,35,,,66,,,,,,,,,,,,,,,,,,,,,,,58,,,,,,,,,,,,,,,,,,,,,,,,,,,77,,,,,,,,80,,,,,,,,,,,,,,,,,,,,,,,,,,,,,24,Asian,Female,Democrat
21,,,,,,,,,20,,,90,,91,,,80,,40,,,,,,,,,,,,,,,,,,40,,,,,,,,85,,,,,,,,,,30,,,,,,,,,,,,,,,,,,,,,,,,,,60,,,40,,,,,70,30,,,,,,,,9,,,,,,,,,,,,,,,,,60,,,,,100,,,,,,,,,,85,66,,,,91,,,,,,,,,,,,20,,,,,,,,,,,,,,,,,,60,,,,,,,80,,,60,,,,100,100,30,,,,,,,,50,,60,,,,,,,,80,,,40,,,,,,,,,,,,,,,,,80,,,,80,70,,75,,,70,,,,71,,,90,,,,,,,30,40,,71,,,,,50,63,,,,,,,,60,,,,,,40,,,,,,,,,70,,,,,,,,,,,,,,,,60,,,,70,,,,,Asian,Male,Democrat
31,,,,,,,35,,,,,,,85,,50,,,,,,,,,45,,,,80,,,,,,,70,40,,,70,,,,,,,55,,,,,,90,45,45,,,,,,,,,,,,,50,,,85,,75,,,,,,,,,,,,55,,,,,,,50,,,,,,,,40,,,,,,,,,,,,,,,,,,50,,,,,,,,65,,,,70,,,,,,,,,,,,,75,,,50,35,,55,,,,,,,,55,,,,,,,,,,,,,,,,,,,,,,95,,,,,,,,,70,,,,,,,,,,,,,,,,60,,,,,,,50,,,,,,,,,20,,60,,,,,,,,,70,,,,,,45,,,,,20,,,,,,70,40,,85,80,,,,,,,,,,55,,,,,,,50,,75,,,45,,,,,,,,,,,,,,,,,,,,,,,,,50,Asian,Male,Democrat
45,,,39,,,,,,36,6,,95,,,,,17,,,,,,,,37,84,,,,,,,,,,,,,,,,,,45,35,,,,,,,65,,,,,,,,,,,,60,,,,,,,91,,,,,,26,,,,,,,,45,,,,,,,,,,,,36,,,,,,,,,,,,,,,,,,,,,,,,,,,,,,,,,,,,,66,,,,,,85,,,9,,,,,,66,,,,,,,,36,,,44,,,,,,,,,,,,,,,,,,,,,,,86,,,,,,,,,,,,,,,,,15,,,,,,,,,,,,,,75,,,,,,,,,,,60,,,,,,,,,,,,,,,,,,,,,,,,,,,,,,,,,,,,,44,,,,,,,,,,,,,,,35,,,,,,,,,,,66,,,,,,,,,,,,Asian,Male,Democrat
59,,,,0,,,0,,,,0,,,,,,,,,,,,,,,,,0,,,,,,,65,,,,,,,,,,,20,,,,,,,,,,,,,,,,,,,,,,,,,100,,,,,,,20,,5,,,,,,,,,,,,,,,,,,10,,,,,,,,,0,,,5,,,,,,,,,,,,,,,,,,,,,,15,,,60,,,,,,,,,,,,,,,,,26,,,,,,,55,,,,,,,,,60,,,,,,,,,,46,75,,,,,,,5,,,,,,,,,,,,,,,,,,,,,,,,60,,,,30,55,,,,,,,,,,,,40,,5,,,,,0,,,,,,,,,,,,,,40,,,,,,,,,50,,,,,,,0,,,,,,,,,,,,,,,,,,56,,,,,,,0,,,,,,,0,,,,Asian,Male,Democrat
81,,,,,,,,,,,,,,,,,,,19,52,,,,,4,,,,90,,,,71,,65,72,26,,,63,,35,58,,60,64,,86,,,,,,,,,,30,,,,,,,35,,,,43,,,,,,,,,,,,,,,,,,,84,,,,,,,,,,,,,,,,,,,,,2,,,,,,,92,,,,,,,,,,,,,,,,82,,,,,,,,,,,,,,28,,,,,,,53,55,,,,,81,,69,,,,,,,,,,,,,,,,,65,92,,72,,,,77,,75,,,,,,,,,,,,,,,,,,,,,,,31,44,,,,58,,,,,,,,,,,,,,,,,,,,,88,,,78,,20,62,,,,,,71,,,68,,,,,,,,,45,20,,,,78,,,,,,,,,,,,,,,,,73,,,,,,,,,,,,,,,,,6,Asian,Male,Democrat
141,93,,78,,,,,63,,,,,,,,,,,,,,46,,,,,36,,,,,,,,,,,,86,,46,,,67,,,,,,,,,,,,,56,,,94,,,,,,,,,,,100,,,,,83,,,,,,,,,,,90,,73,,72,,,,,,,,,,61,,,,53,,,,,,,,46,77,,,,,,,,60,,,,,,,41,,,,,,72,,,37,,72,,,83,,,,,0,,,,,,58,,,,,,,0,,,84,,,77,,,,,,,,,,,,,,,,,,,,,63,,,,,,,,,,,,,,,,,,53,29,,,69,,,,,,72,,,,2,,,,,,,,,,,,,,58,,,,,,59,,,,,,,,,,,,,,,,,,,,,,,,,,,,,,,,,,,,,,92,,,,,,,,,46,,,,,,,,,,,,,Asian,Male,Democrat
190,,,,,,,86,,,,,,,,,,78,,,,,,,,,,76,,,,,,88,,,,23,,,77,,,,,,,,,,,,,,,,,,,,,,,,,,,73,,,,,,,,,,,,,,,,,,,,,,,,,,,,,,,,81,,,,,,88,,,,,,,,,,,,100,,,,,,,,,,93,82,,,,,,,,,,,,,,,,95,,,,0,95,,,,,,,,,,69,,,86,,,,,,,,,,,,,,39,90,,,95,,,,97,,,,,,,,,,,,,,,,88,,,,,,,,,,,,89,,,,,,,,,,72,,,,26,,,,,,,,,,,,,,,,,,,,,,,,,82,,,,,,,,,,,,,,,,,,,96,,,,,,68,,,,,,,,,,,,97,,80,,,,,,11,,,,Asian,Male,Democrat
193,,,,20,,,56,,,,,,,,,,,69,,,,78,,,,,,,,,,,55,,,,,29,,100,,,,,,,,,,,,72,,27,,,,,63,,51,,,,,0,,57,,,,,,,,,,,54,,,68,,,,,,,,,,,,,58,,,,,,,,,,74,51,,,,,,,71,,,97,,,,,,100,81,76,,,,,,,,,,,65,,,,55,,,,,,0,,,,,,,,,,,,,,,80,,,,,,,,,,,,,,,61,,,64,,,,,,,,,,,,,,,,,,,,,59,,,,,,,,,,,,,,,,,51,,,,,,55,,37,,,,,,,,,,,,,,,,,,,66,,,,,100,,,,,,,,,,,,,,,,,,77,,,67,,,,,11,,,,,,,,,,,,,,,,,,,60,,,,,,,Asian,Male,Democrat
210,,,,25,,,,,,,,,92,,,,,,,,,,,,,,,,,,,,,,59,35,,,,,33,,,,,,,,,25,,,100,,,,,,29,,,,,,,,,,,,,,,,20,,,,,62,,41,,,,,,,68,17,60,,,,,58,,50,,,2,,,,1,,,,,,,7,,,,,,,83,22,,,,,,,,,,,,,,,,,,,0,,100,,39,,,81,,,,,,,42,2,,,0,,36,,,,,39,,,,,,,,74,,,,,32,,,,,7,23,86,,,,14,,,0,,,,,,,,,,,,5,,,,,4,,,,,,,,,,,,,,,,1,,,,,,,,,,,,,,,,,,,27,,,32,,,,,,,,1,,27,,28,,,,,,,,,19,,,,,,,2,,,,,,,,22,,,,,,,0,,,,,,,,39,,,Black or African American,Female,Democrat
112,100,,27,,,40,61,,,,,,,,79,,,,,18,,81,,,,,,,,,,,,,,32,,,,,,,,,,,,,27,,,21,,,,,,,,,,,,2,,,,,,,,,,,,,,,,80,,,,,,13,35,,,,,,,,,,,,,,,,,,57,,43,,,,,,,,,,,,,,,,,,,60,,,,,68,,,,,,,,33,,,,,,,,,,72,,,,,,,,,,,,,,,,,,,,,,,,,,,,,59,,,,,,,,,,,,,,,,,,,,,62,,,,,,,,,59,,16,,31,,,43,5,,,,,,,,,61,67,,,,,,75,,,,59,,,,60,,,,28,,,,,,,,,,,,,,,,,60,,,,,,,,,,,,,,,9,,,,,,,,,,,,,,,,,,,,29,31,,,Black or African American,Male,Democrat
177,100,,,,,0,26,,,6,,,16,,,20,,0,,,,,78,100,54,,80,,,,,,,31,,,,70,79,,,,,,,,,,0,,,,,38,,44,,,,,,,,68,17,,,,,,90,,,,,,,,,,,,,,,,,,,,,,,,,,,,,32,,,,100,,,,,,,,,,,,,,,,,,,,,,,,9,,,,,,76,,,,,,,,,,,,,74,,81,,,,,50,,,,,,,,,,,,70,,,,,,,,0,,,,,,,,,,100,22,,,,,,0,,,,,,,,,,,,,,,,,,,,,,,,,,,,,,,,,,,,,,,,,,,,,,,,,,,,,,,,,,,,100,,,,,64,,,,,,,,,,,,,,,,,,,,,,,,,,,,,0,,,100,,,,,,,,,,,,Black or African American,Male,Democrat
52,92,,,,82,,,,,,19,,,93,,,,,,,,,,,,,,41,100,,92,51,75,,,51,,,,80,,,,,,,,,,,70,,91,,,,,,,62,,,,51,,,,,,,,,,67,,74,,,,,,,,,56,,41,,43,,,,,51,44,,81,61,,,,,,,,59,,40,,,,,,,,,,54,,,,,,,,,71,,,,,,,,54,,,,,,,,,,,,,30,,,,,,,,,,,,,2,,,,,,,,,59,,,,,,,,,,,,62,,,,,,,,,,,61,,,,,,,,,,,,,,,,,,,,,,,,,,,,,,,42,,,,,,,,,,,,,,,,,,,,,,,,,,,,,,,,,,,,,,,,,,,,,,,,,,,,,,,,,,,,,,,,,,,,,,,58,,,,,Other,Female,Democrat
56,,,,,,,,,11,22,,100,,,,21,,,,,,,51,,,,,,,,,,100,,,,,,97,,,,,,51,,,,,,,51,,,,,,,,,,,,,,,,,,,,,,,82,,,51,,,,,,,,,,,,,51,,,,,,,,,,,,,,,,,,88,,,,77,,,,,,,,,,,,,,,51,,,,,,,,,,,51,,,,,,,,,,,,,13,,,,,,,,,0,,,,,,,,,,,,,,73,,,,51,,,,,,,,,,,,,,,,,,,,,,,,,,,,,,,,,,,,76,,,,,,,,98,,,,,,,,,,,,,,,,,,,,,,,,,,,,,,,,,,,,,,,,,,,,,,,,,,,,,,,,,,,,,,,,,,,,,,,,,,,,,Other,Female,Democrat
103,,,,,,,,30,,,,,,,,,,,60,20,,,,,,90,,,,,,,40,,,60,,35,,,,,30,,,,10,,,,45,,,,75,,10,20,,,,70,,,,,,,40,40,,,,,,,,30,80,,10,40,,,45,,,,,15,,,,,40,,,60,,20,,,40,,80,,,,,,,,,,,,,,,,,,,,,,,,,,70,,20,,40,,,,,,,,70,,,,,,60,,,,0,,,,,90,,,,,,,,,,,,,,90,,,,,,80,,,,,100,,,,,100,30,,,,,80,,,,,,,,,,,,,20,,,,,,,,55,,,,,,,,,90,,,,,,,,,,,,,,,,,,,,,,,,,,,,,,,20,,,,,,,,,,,,,,,,,,,,,,,,,,,30,,,,,,,,,,,,,,,30,,,Other,Female,Democrat
159,100,,,,12,55,,,,,,,,,19,,,,,,,,,,,,,,,3,10,,,,,,0,,,9,,,,,,,,,,,,0,40,,,,,,,,0,,0,53,,,,0,,,,,,,,98,,,,,1,49,,,,,,,83,0,,,,,,,,,,,,,0,,,,,,,,,,,,8,72,,,,,,,,,,0,,,,,,,51,,53,,,,,,,,,,,,,,,,,,,,9,,,,,,,,,,,,79,,,,,,,,,,,,,,,,89,,,,,,,,,,,,36,,,4,,,,,,0,,,,,,,0,,,,,,,12,,0,3,,,,,51,,,,,,,,,,,9,,,,,,,,,,,,,,98,,,,71,,,22,,,,,,,71,,,,,65,,,,,,14,,62,,,,,,,,,,,,,,,,,86,,,,,Other,Female,Democrat
163,,29,,,,,,,,0,,,,,84,,,61,27,,,,,,40,,29,,,,,,66,,,,,,80,,,,,,,,,,,,,,,50,,,,,,,,69,,,,,,,,,,,,,,,,,,,,,,,,,,,,,,,28,40,,,,,,0,,,,,,,,,,,,,,,,,,51,,,,,,80,,,,,,,,51,,,,,,,,,,,,,,,,,,,,,,,,,14,,,,,,,,,,,,,77,,,,,72,,,,,,,,83,,,,67,,,,,,,,,,,71,,,,,,63,,,,,,,,,45,,,,,,,,,,,,,,,,,,,,,,,51,,,,,,,51,,,,,,,,,,,,,,,,,,,,,,,,,,,,,,,,,,,,,,,,,,,,,75,,,,,,,,,,,,Other,Female,Democrat
172,,,,51,,,,49,,22,,,17,,,,,,,61,91,,,,,,,,85,,,35,,,51,,,,55,,,,59,,,,,,,,,,,,,,,,,,,,,,,,,,,,100,,,,,89,51,,,,,,,,55,,,,66,34,58,,,,,,,,,,,,,,,,,,,,,,,,,,,74,34,,,,,,,,,,80,,,60,,,,,,,77,,,,,,,,,,,,,,,,,,,,,,,,,,,,,,23,,,,,,86,,,,,,,,,,,,,48,,,,,,,,,,,,,,,,,,,,,,,,,,,,,,,89,,,0,,,,,,,,,,,,,,,,,,86,,,,,,,,,,,,,,,,,,,,,,,,,,,,,,,,,,,,,,,,,,,,,,,,,,,,,,,,,,,,Other,Female,Democrat
62,,19,,,,,,,,,,,,,,,20,,19,22,,,,,20,,,,,,,,,,,,,18,,,,,,,,,,,,,,,,23,,,,,,20,,,19,,,,,,,23,,,,,,73,,,,,,,,19,,,,,,,,,,,,19,,,,,40,36,,20,,,,,,19,,,18,,,,,,,,,,,,,,,,,,40,,,,,,,23,,,,52,,,,,,,,,,,,,,67,,,,,,,,,,,,,,,,,,,,,,,,,,,,69,,50,,,,,,16,,,,,,,,,,,,18,,,33,,,40,,,,,,,,,,,,,,,,,,,,,,,71,,,,,,,,,,,,,,,,,,,,,,,,,,,,,21,,,,20,,,,,,,,,,,,17,,,,,,,,,,,,,,,,,,30,,,,Other,Male,Democrat
84,,21,,,,,,29,,,,,,,60,,,,,,,,,,19,,,,64,,,,,,,,,,,,,,,21,,,,,,,,,,,,,,,,,,,,,,,,,,35,69,,,16,,,,19,,,,,,,19,,,65,,,19,,,,,,,,,,,55,,19,,,,,,22,,,,,,,,,55,71,,,,,,,35,,,,56,,,19,41,,,,,,,,,30,,,,,,25,,,,,45,,,,63,85,,,,,,,,45,19,34,,,,,,,,,,,,,,,,,59,,75,,,,,,,,37,,,29,,,,,,,,,,,,,,,,,,,,,,,,41,,28,,,,,,,56,,,,,,,17,26,,,,,,,,,,,,,,,,,,,,,,,33,,,,,,,29,,,,,,,,,,,,,,,,,,,,,,,,35,,,27,,Other,Male,Democrat
125,,,63,,,,,,13,,,,,91,,,,,,,,5,,,0,,49,,,,,,,,,33,,,,,25,16,,21,,,,,,61,,,,,,,,,,,,,,7,,,,,,,,,,,,,,30,,,,,,,,,,,,,,,,53,,,,,,,,,,,,,4,,,,,,,,,,,,,,,,,,,,22,,,,,,,,,,,,,50,,17,,,,32,,,,,,,,,,,,,,,,,,,,0,,,0,,,72,,,,,,,,,,,,,,,,17,,,,,,,,,,,,,,21,,,,,,,,,,66,,,,,,,,,,,,,,,,,,,,,,,,,,,,,,,,,,,,,,,,,,,,,,,,,,,,,,,,,,,,,,,,,,40,,,,,,,,,,,,,,,,,,,,,23,Other,Male,Democrat
202,,,,,,,,,,,,,,100,3,,,,,25,,,,70,0,,,,,,0,,,,,,,,,,,5,,,70,14,,,,,,,50,,,,,,,,0,,,,0,,5,,,0,,,,,0,,,0,,,,,,,,,,,,,0,,,0,,,,,,,6,,,,,,,,,,,,0,,,,,,,,,,,,,,,,,,,,0,,45,,76,0,,,,50,,,,,4,,,,,,,,,,,,,62,,,,,44,,,,,,,,,,,,,,,,,,,,,,,,,,17,,,,,,44,,,,,,,,,,,,,,,,,,,,,,,,,0,,,,,9,,,,,,,,,,,,,,,,,,,,,,,0,,,,,,,,,,,0,,,,,,,,,,,,40,,61,,,,,,,,,,,,,,,,,,,,,,,,,Other,Male,Democrat
1,,0,,,,,,,,,,,,,61,,51,,,,,,,,,93,,,,70,,,,,,,,,,,,,,,,,,,,,40,,,,,,,,,,,,,,,,,,,,,,,,,,,21,,,,,,,,,,72,,,,,,,,71,,,,,,,,,,,9,,,,,,,,,,,,,,71,,,,,,,71,,81,,,60,,,,55,,21,,,,,,1,,,,,,,,,,,,,,,,,,,,,,80,,,,,,,,,,,,,90,,,,,,,,,,,,,,,,,,,,,,,,,,11,,,,,,,,,,,,,,,,,,,,,,,,,,,,,,,,42,,59,,,,,,,,,20,,,,,,,,,,,,,41,,0,,,,,,,57,,,,55,,,100,,,,,,,,,,,,,,,,,,,,,,White,Female,Democrat
7,,,,,,,,,,,,,,,,,,,,,78,,,,,99,,,,,,,83,,,77,,,90,79,,,,81,100,,,,59,,,,,,,,,,,,,,,,,,,,,,,,,,,69,,,75,,,,,,,28,,84,,,,,,,,56,,,,,,,63,,77,,,,,75,,,,,,,,,,92,,,93,,,52,,,62,,,,,,90,,84,97,,,,,71,,,,,,,,,,,,,,,,,65,,,,,,,,,,,,99,,,,,,99,,97,,78,,,,,,,,,,,,74,,,,,,,,,,,,74,,,,50,,78,,,,,,,,,,,,,,,,,,,,,,,,,,,,,,,,,,61,,,40,,,,,,,,,,,,,,,,,,,,,96,,,,,,,,,,,,,89,,79,,,,,,,,,,,,,,,White,Female,Democrat
12,,,,0,,,,,,,,,10,,90,,,,,,,,,,,,,,,,,,,,60,40,,,,,,,,60,,10,20,70,0,,,,,70,,0,,,,,,,,,,,,,,20,,20,,,,,,,,,,,,,,,,,,,,10,,,,,,,,40,,,60,,,,,,,,,,,,,,,,,,0,0,,,,,,,,,,70,,,,,,,,,,,,,,,,,,,,,,,,,20,,90,,,,,,,,,,,,,,,,,,20,,,,60,,,,,,60,,,,,,,,,,,60,,,,,,,20,50,,,0,50,,50,,,,10,,,,,,60,,0,,,80,,,,,,,30,,60,,,,,60,,,,,,,40,,,,,,,,,,,,50,,,,,,,,,,,,,30,,,,,,,,,,,,,,,,,,,,,,,,,,,White,Female,Democrat
13,,,,,51,,,,,,,,,,,,,,20,,42,,,,10,,30,4,,,,,,,,57,,19,,,,,,,,,,84,,32,29,,,,,,16,,,,,,51,,,,,,,,99,,,,,,,36,,,,,,,,,,,,,,,,,,,,24,,,,,,42,,,,,,,,,,,,,,,,,,,,,,19,,,,,,,,30,,,,,,60,,,,,,,15,,,,,,,,,,,,,87,,,,,,,,95,2,,,,,,,,,,,,51,,,94,,,,,58,,,,,,,,,63,,,,,,,,24,59,,,,,,,,,,,,79,,,,,,,28,82,,,,,,,,,,,,,,,,,,,51,,69,,,82,,,,,,,,,,,,,16,,,,,,,,,,,,,,,60,,,,,,,,,81,,,,,,,,,,,,White,Female,Democrat
14,,,,21,57,20,25,,,,,,,91,,,,52,,,,,,,48,,,,,,,,,,,,52,,,,,52,47,,,,,,,,54,,,,,,,,,,,,,46,,,39,,,,,,71,,,,,,,,,,,,,14,,77,,,41,,,41,,,,,,,,,,,,,,,,,,,56,,,78,,,67,,,,,74,,,,,,,,,,,56,,,73,,,,,55,,,45,20,9,,,,57,53,,,,,,53,,,,,,55,,,,,,,,,29,56,,,,82,,,,76,,,20,65,66,,,,,,,,,,,,,,,,,,,,33,,57,,,,,,,,,,,,,,,,,,,,,,,,,,,,,,,,,58,,75,,,,,,,,24,,,,,,,,,,,,,,,,,,,,,,,,,70,,,,,,,,11,,,,,,,,,,,,,,White,Female,Democrat
24,,,,,,,,,,,,,4,,,,,,0,,,,,,,,57,,,72,,,,,,,0,,,,,,,,,,,,,,,,,,,,,,,,,,,,,67,,,,,,48,,,53,85,,,,40,0,,,,,,,,,,,,,,,,,12,,0,59,,13,,,,,,0,0,,,,,,,,,,,,,,,15,,53,,,,,,,,,,59,,0,,,,57,,,,9,15,,,,39,,,,,,62,48,,,,,,,,,,,,,,,,,,,,,,,,,,,,74,,,,45,,34,,,,,,,,,,,,,0,,,,,,72,,,16,,,,,11,,,,,,,,,,,,,,,,,,,,44,,,29,,,,,,,,,,,,,,40,,,,,,,,,,,,,,,,,,,,,,,,,,,,,,,,49,,28,,,,,,13,,,White,Female,Democrat
27,,,,,91,,,,,66,,78,,,,,,,,,,,,,,,,,,,,,,,,68,,,,,,,29,,,,,72,9,,,61,89,76,,,28,77,,,,,,10,,,,,,,,51,,,,,,,,,,,,,,,,82,,,70,,,19,,,,67,,,,,,,,,,,,,,,51,,,,,,,,,,,94,,,,,,94,69,62,,,,,,95,21,,,,,,,,,,,,,,,,,,,,,64,,,,40,,,,,,,,,,,,71,,,,,,,,,,10,,,,,,,,,,,,,,,,,,,,,10,10,,,,92,,,,,,,,,,,,,,,,,,,,,,41,,,,,,,87,,,,,,41,,0,,,,,,,,,,,,,,,,,,,,4,,,,,,,,77,,84,,,80,,,,,,,,,,,,,75,,,,,White,Female,Democrat
37,,,65,,,,,93,,,,,,,,,,,,,57,,,,60,,,,,,,,,52,,,,,,,,,,,,,55,,,,,,,,,,65,,,,,,,,,,,,,,,,,,,,,,,,55,,,,,58,,,,,,,,64,,,,,,,,50,70,,52,,,59,,,,52,,,,,,,,,,,,87,,,,,,,,,62,52,65,,,82,,,,,,50,,,,56,,79,,,,,,,55,,73,,,,,,,,,,,,,,,,,,,,,,,,94,,,,,,,,,,,,,,52,,,,,,,,,,,,,,,,,,,,,,,,,,,,,,,,,,,,,,,44,38,,,,,30,,,,,,,,,,,,,,,,,,,,,,,,,,42,,65,,,,,,,55,37,68,,,,,,,,,,,,,,,,,,,,,White,Female,Democrat
42,,,34,16,,,,56,,,,,,,,40,,,,40,,,,,24,,,,,,,,34,,,36,43,35,,,,45,,,,,37,,,,,,,,,,,,,,,,,55,,,,,30,,,,,,,,,,,45,44,,,,,,,,,,35,,,,,,,,,,,,,,,,,,,,,,,,,77,,,,,,,,,,,,,20,,,,9,,,,37,,,,,,31,,,,,,,,,,,,,35,21,,,,,,,,,,,,,,,,,,,,,39,45,,,,,87,,,,,,,,,,,,,,,,32,,,,18,,,,,,,,,,33,,,,,,,,,,,,,,,,,,,,,,,35,,,,,,,,,,,60,,,,,,,,,,,,,,,,,,,,,,,40,,,,,,,71,,,,,,,,,,,,,,,,,,,,,,White,Female,Democrat
43,97,16,,,,52,,,12,,,,,90,,,,,20,13,,,53,,,,,9,96,,,,,,,,,,,,35,,,38,,,,,,,,,92,,,,,24,25,,,,11,,36,,,66,,,,,,,,90,,,,,,,,,40,,,,,,,,,,,26,,,,,,,,,37,,,,,,,,,,,,,,,,,,,,,,,80,,,,,,,,,66,,,56,,,26,,,,,,,,,,,,,,,,,,,,,85,,,,,,,32,,,,,,,,76,,,,,,,,,,,,,,,,,,,,,,,,,,,,,,,,,,,,,,,,,,,,,,4,,,,,,,,,,,,,,,60,,,41,,,,,,,,79,,,,,,,,,,,,,,,,,,,95,,,,,,,,,,,,31,,,,,,,,,,,,38,,,,,,White,Female,Democrat
55,,,,,0,,,,,0,,,,,,,,,0,,,,0,,,85,,,,,,,,,,,,,,,,10,,,,20,,,,,,,,,,0,,0,,,,,,20,,,,,,9,,,,,,,,,,,,,,,,,,78,,,,0,,14,,,,,,6,,51,,,,,0,,,,,,,71,53,100,,58,,53,11,,,,,,,,,,,,,,86,,,,,88,,,,,,4,,,,,,,,,89,,0,,,,,,,,,,,,,,,,,,,,,,,,,76,,,,,,,7,,,,,,,,,,,80,,,,62,,,,,,,,,,,,,,,,0,,0,,,,52,,,,,,,87,,,,,,,,,,,,,74,,82,,,,,,,,,,,0,,,,,,,,,,,,,,68,,,,,,,,,,,,,0,,84,,,,,,66,,0,,,,White,Female,Democrat
57,,5,,,,,,,,,,,,,20,,,,,15,,,,,,65,,,,,,10,,,,70,,,60,,,,,,,15,,,,,,15,,,,,,,,,,,,,,0,,,,,,,,20,,,,,,,,,,,,,,,,,,,,,,,,,,15,,,,,,,,,,,,0,,,,,,,,,,60,95,,,,,,,,,,,30,,,,55,,,,,,,,,,,,30,,,60,,,,,,,80,0,,,,,,,,,,30,,,,,50,,,,80,70,,,,,,,70,,,,,,,,,70,,65,40,,,,,,15,,20,,50,,65,15,,20,,,,70,,,,,,,,,,,,,,,20,,65,,,,,,0,,,,,,,,,,,,,,,,,,,,,,,,,60,,,,,30,,,,,,,,,,,,,,,,,,,,,,,,,30,20,,White,Female,Democrat
58,,,66,,,95,71,,,,61,,,,,,,,,,,,,,,,,,100,99,,,96,,,,,,96,,,,27,,,,,,,,,46,,,,,,,,87,,,,,,,,,88,83,,90,,,,,,,,,,,,,,,,,,,,,,81,,,,76,,,,80,92,,,93,,,,,,,,,,,,,,,,,,,76,,15,,,,,,45,,,,,,,,,,,,,,,,,74,,20,,,,,,,,81,12,,,,,,,,,,,,,,,,,,,,,,,,,,,,,,,,,,,,96,,,,,,,,,92,,,78,,,,,,,,,,92,,,99,,,,,,,,,,,,,,,,,,,,,,,,,,,,,,,,,,,,,,,,,,,,,,,39,92,,,,,,,,,,,,,,,,,,,,,,,,94,,,93,,,White,Female,Democrat
65,,,,,80,,,,51,,60,95,,,,,,60,,42,,,,65,,,,,,,,,,,,,,,,65,,,56,60,70,,,82,,,,,,,,,,,,,58,,,,,,65,55,65,,,,,,,,71,,,,,,,65,,,65,,,52,,,,60,,,,55,,,,,,,,,,,,,,,,,,,55,70,,,,,,,,,,,,,,,,,80,,,,,,64,,,,,80,,,,,,,60,,,,,,,,,,,,,,,,,,,,,,,84,,60,,85,,,,,,,,,,,98,,,,,,,,,,,,,,,60,,,40,,,,,,,,55,,,,,,,,,,,,92,,,,,60,,,,,,,,,,,,90,,,,80,,,,,,,55,,,71,46,,,,,80,,,,90,70,55,,,,,,,,,,,,,,,,,,,,,,,,,,,,White,Female,Democrat
71,,,51,,,,,,,76,,,,,46,,,51,56,51,,51,,,,,,,,51,,,,,,,,,,,40,54,51,74,70,,,,36,,,,,,,,,,,,,,,74,,,,,74,,,,,,,,65,,,,,,,,,,,,88,,,,,,,52,,,,,,,,,,,,,44,,,,,,39,,,,,,,,,,,,52,75,,94,,,,,,,,,,,,,,,,,,,,,,,,,,,,,,,24,,,,,,,,11,,,,,,,,,,,63,,,100,,,,,,53,,,,,,59,,,,,,,,53,,,,,,,,,62,,61,58,,,,,,,,,,,,,,,,,,,,,,,,,,,,,,,,,,,67,,,,,,,,,,,,,,,,,,,43,,69,,,,,,,,,,,,,,,,,,,,,,,,73,,,,38,White,Female,Democrat
72,100,,,,,,,,,,,,,100,,36,70,,,,,,,,24,,,,,91,,,,,,,37,35,,,84,,,,,,,,,,,,,,,,,,,,,,,,,,,,,,,,87,,,,,,,,,,,,,,,,,,54,,,,,60,56,,,,,,,,66,,,,,55,,,,,,,,,,,,,,,,39,,,,100,,,,,,,,,,,,,,,,,20,,,,,,,,,83,,,,,,,,,,,91,,,,,,91,95,,,,,,,,87,,,87,90,,,,,,,,,,,,,,,,,,,,,,,,,,,,,,,,,,,,,,,,,,,,,,,100,,,,,62,,,,,,,,95,,87,,,,,,,,,,,,,39,,,,,80,,,,,89,,,41,,,,60,,,,,,,,,,,,,,,,,,,,,,White,Female,Democrat
76,,,30,,,,,,,,70,,,,,,,,,,,,40,,,,,,,70,,,,,,80,,,,,,,,,80,,,20,0,,,30,,,,,,,,,,,,,,,,,,,,,,,,,,,,,,,,,,,,,,,,,,,,,,60,,,20,,,,,,,30,,,,,60,,,100,40,,,,,100,90,,,,,,,,,,,,80,,70,,,,,,,50,,,,,,,,70,,,,,,,,,,,,,,,,,0,,,,,,,,,,,,,,,,,,90,,,,,,,,,,,,,,,,,,10,,,,,,,,,,,,,,,,,,,,70,,,,,,,,80,,,,,,,0,,,40,,,,,70,,,,,,,,,60,,,,,,,0,,,20,,,,,,,,,,,,,,,40,,,,,,,70,,,,,,,,,,,White,Female,Democrat
83,90,,,,,,,,,,,,,,,,,,,,,,,,,,40,,50,,70,,,,,,,,,,,,,,60,,,,,,,,,0,,,,50,40,,,,,,,,,,,,,,,,,,,,,,50,40,,,,,,,,,,,,15,,,,,,,,,,,,,,,,,,,,,,,,,,,,,,,,,,,,,,,25,,40,,,,,,,66,,65,,50,,,,50,,,,,65,,50,75,,,,,,,,,,70,,,,,,,,,,,,,45,,95,,30,,85,,,,,,,,,,,,,,,,,,,50,,50,,40,,,,,,,,,60,,,,85,,55,,,,,,,,,,,60,,,,,35,20,45,,,,,,,,,,,,,,,,,,,,,,,,,,,,,,,,75,,,,,,,50,,,,,,,,,,,,,,,,,,White,Female,Democrat
85,,,,,,,,,,,,,,,,53,46,,,,,,,,,,,23,,,,,,,,,,,,,,,,79,73,,,,,,53,,,56,,,,25,,,55,,,,59,,,,,65,,,,17,,,,,,,,75,,,,,,,,,,,,,,,,,,,,,,,,,,,,40,,,,,,,,,,,,,,,,,66,8,,66,,,,59,,,,95,40,,,,,,6,,,,,,,,,,,,,,91,,,,,,,,,,2,,35,,,,,,,,,,,,94,53,,,,,,,19,,,,,,,,,,,,,,,,,,,,,,,83,,,,,,,,,,,,,,,,,,,,,,,16,,,,87,3,,,,,,,,,,,,,,,,,,,,,,,,,,,0,,,53,,,70,,,,,,,,,,,31,,,,,,57,,,,,,,,White,Female,Democrat
91,,,,,31,1,32,,,,,,,91,35,,,,,,,,49,,,,,,,,,,,,,39,,25,,,,,25,41,,26,,,,,,,,14,,,,,,,,,,,,,,,,28,,35,,37,,82,,,57,,,,,,,,,,71,20,,,,,,16,,,,,,56,,53,,,38,,,,,,,,,,,,,,38,,,,,,,,,81,,78,,,,,61,,,,,,,,,,,,,,,,,,,73,,,,,,,,,,,,,25,,45,,,,,62,35,,,,,,,,,,,32,,,,,,,,,,56,,58,,,,,,41,,,,,,,,,,,,,,,,,94,,,,,,35,,,,,,,,,,72,,,,,,,,,,,,,,,,,,,,,,,,,,,,,,,,,,,,,,,,,,,,,,,,,,61,,41,,,,,,,,,White,Female,Democrat
95,100,,,,,,,,,,,,,100,,95,,,11,,,,,,,,,,,76,,,,,,,24,,,,,,68,61,,,,45,,,,62,,,,,,60,,84,,,,,64,,,,,,100,,,,,,,,,,,77,,,,,,,,29,,,,,,,,,,71,,,47,,,43,,,,,,,,,,,,,,100,,,,,17,,,,,,,100,,,,,,,39,,,,,,46,,,,68,82,,,,,,,,,,,,,40,,,,,65,,,76,,63,,,,,,,,,,,,,,100,,60,,,,,,,,,,,,,,,,,,,39,,,,,,85,,,,,,,,,,,,,,,81,,,,60,,,,,,81,,,,,,,,,,,,,,,,,,,,,,0,,,0,,,,,,,40,,,,54,,,,,,,,,,,,,,11,,,,,,60,,,,,White,Female,Democrat
101,,,,,,83,,,,,60,,38,,,,,,,,,,83,,,,,,,,90,60,,,,,60,51,95,66,,,,,95,,,,,,,,,,,,,,,69,,78,,,,,,,,63,,,79,,,,,,67,,,,,60,,,,,,,,,,,,70,86,,,,,78,,,,,,,,,,,,83,,,,,,,37,,,,,,,,,,,70,,,,,,,,73,,,75,,,,,,,,,,,,,,,,,85,40,,,83,,,,,,68,67,,,,83,,,,96,,65,,,,,,75,,,,,,,,,,75,,,,,,,64,,,,,60,,,,,,,,,,,,,,,,54,,,,,,,,,,,85,,,,,69,,,,,,,,,,,,,,,,,,,,,,,,,62,,,80,,,,,,,,,,,,,,,,,,,,,,,,,,,,,,,White,Female,Democrat
109,,,,,,,,,,,,,30,,,,,,,,,,90,,,,,,,,,,,,,,,,100,,,,,,,,,,0,,,,,,,,,,,,,,80,,,0,,,,,,,,70,,,,,,,,100,,,,30,,,,,,,,,,,,,,,,,,,20,,,90,,,,,,,,,,,,,,,100,,,,,90,90,,,,,,,,,100,,100,,,,,,,,0,,,,,85,,,100,70,,,,0,,,,,,,,,,70,,,,,,,,,,,,,,,0,95,,95,,0,,,,,,,,,,,,,,,,,50,,,,,,,,,,,,,,,,,,85,,,40,,,,,,,75,,,90,,80,,,,,,,,,,,,,,,,,,,,,,,,,,,,,100,,,,,,,65,,,,,,,,,,,70,85,,,,,90,,,,,,White,Female,Democrat
110,99,,26,,,,,,,,,97,,,,,,,41,,,,,,54,,,,,,,,,,,31,,,,,,55,,,,,,,,,57,,,,,,,47,,,,,,,,,,59,,,,,,,,,,56,,,,41,,,13,,55,97,,28,,,19,,,,,,,,,46,,,,34,,,2,,,,,,,,,,53,,,,,,,,,,34,,,,,,,,,,,,,,,,21,,,,46,,,,,43,,,,,,,,,,45,,,,,,,,,,53,,38,25,54,,,,,92,,,,,,,,,,,,,,53,,,,,0,,,,,,28,,,,,,,,,,,22,0,,,,,28,,,,,,,,,,,,,,,,53,,,,,,,,,,,,45,,,30,56,,48,,,,,,,,,,,,,60,,,,,,,,,,,,51,,,,,,34,,,,,,,,,,White,Female,Democrat
113,,36,,,,,,,,,,,39,,,,,,,,,,,,,,,,,60,55,36,,,,,,,,,56,,,,60,,,,8,,40,,,,,,,,,,,,,,39,,,,,,58,,55,,57,,0,57,,,,,,,,,,,,22,52,,,,,,60,,,,,,,,22,,30,,,,,,40,,,81,,,,,,,,,,,,,,,,,,,39,,,,,,,,,,,,,0,,,,,,,,,,,61,,,,,,,,,,,43,,,,,,,,27,,,,,,,,,84,,,,,,,,54,,,,,,,,,33,,,,,,,,65,,,,,,,,,,,,,,,55,,,,,,,,,,,,,,,,23,,,,,,,,59,,,,,,50,,,,,,,,,,,,,,,,,,38,,,,,,,,50,,,,,,,,,,,,40,0,,,30,White,Female,Democrat
114,,,,0,,,,30,,0,,,,,,,2,33,,6,,,,,,,,,,,,,10,,,,,,,,,0,65,,,,,,,0,,,,,,,,,,,33,,,,,,,,,,,,,0,,,,,,0,,,,,,,,,,,,8,,,,,,,,,,,,,,,,34,,,,,,,,,,,,,,,,,0,,,,,60,74,,,,,,,,,84,,,,,,,,0,,,,,,,7,,0,9,,87,,,,,,,,,0,,,,,,,,,,71,58,,,,,20,,,,,,,,,,0,,67,,,,,,,,,,,,,,,,,,,,,,,0,,,,,51,,,,,,,,,23,,,,,83,,,,,,,,,,,,,,,,,,,,,,,,,,,39,,,16,,,9,,,,,,,,,,,,,,32,,,,,,,,,,,,72,34,White,Female,Democrat
131,,,,,,,51,85,,,,,,100,,62,,,,18,99,,,,,,90,,,,,,,,,49,,90,91,,,,,,99,,,45,19,,74,28,,,39,,56,,,,,,,18,,,,,,,92,,,,,,,,,,,,,67,,,,,,,,,,,,,,,,,,,,,,,,,50,,,,,,26,,,,,,,,73,,,41,,,,,,,68,,,,,,21,,,,,,,,,,,,,,,,,,20,57,,,,,,,,,,,0,,,,,,,,,,,,,,,,,,,,,,,,,,,,,,,,,,23,,,51,,,52,,,,36,,74,,,,,,,,,,50,86,,,,,,,,,,,,,,,,,,,,,,,,,,,,,,,,,,,,66,,0,,,,,,,,,,,,,,,,,,,100,,,,,,,,,,,,,,,,,White,Female,Democrat
134,,56,,,,60,,,,61,,,,,,,51,,,,,,,44,,,,52,100,,,,,,,,,,,,69,21,,,,,36,,,,,,,,,,31,,,,,,,,40,,26,,,,,,,,,,,30,,61,,,,,,,,,,,,,,,,,,,,,,82,,,,,,43,,,,,,,,,23,,,78,,,,,,,66,63,,89,,,,,,,,,,,40,,46,,,,,,68,,,,,,,,56,,63,,,,,,,,,,,,,85,,,,,28,,92,64,,,,,,,,,,,,,,,,,37,,,,,,,,,,,39,,,,,,,,,,,,,33,,,,,,,,,57,,,,,,,,,,,70,,,,,,,,,23,,,,,,,,,,,,,,8,,,,24,,100,,,,,85,,,,,,,,,,67,,,,,,,,69,,,,,,,White,Female,Democrat
156,,,,,,,,,,,,,,,,,,,41,,,,,,,91,,,,,70,,85,,,,,,,,,,37,,86,,,,,,57,,,,,,,36,,,,,,,39,,,,,,,,,21,,,,,,,,,,,,10,,,90,,,,,42,,,,,,,,,,,,,,61,,,,,,,,,,,28,,,,,,,,83,,,,,,,,91,,,,,,,,,,,,10,,,,,,70,,,71,,,,,,,,,,,,,,,,,,,,,60,,91,,,82,,,,,,,,,,,,,,,,,,,,,,,,,,,,,,,,,61,,,,,,,,,,,,89,,,,,,,,,,,,,,56,,,,,,,,,,,,,,,,,,,,,,,7,,,,,52,,,,,,30,,,,,,,,,,1,,,,,,,,,,,,,,,White,Female,Democrat
160,100,,,,,,,,60,,,100,,,,,,,,,,,,,,,,,,,,,,,,,,,,,,,,,,,,,,,78,,,,10,,,,,,,,,,,90,,,,,,,,,,,,30,30,,,,,,77,,,,,,,0,,,35,,,,,,,,,60,,,,,,41,,,30,40,,70,,,,,,70,70,80,,,,,,,100,,91,,,,77,,,,,50,,,,,,,,,,,,,,,,,,,,,,,,,,,,,,,,,,,,,,,,,100,,,,,,,,,,,,,,74,,,,,,,50,,,,,14,,,,,,,,,,,,,,,,,,60,,,,,,,,,,,,,,,0,,,,,,,,,,,,,,,,,,,20,63,,,,,,,,,,,,0,,,,,,,,,,,,,,,,,,,,,,100,,,,White,Female,Democrat
161,,,,21,,,,,,,,,30,,,45,,,,,,,65,,,,,,,,,,,,,,,,85,,35,,,,38,,,60,22,60,,60,,,,55,,30,,,66,,,80,,,,,,,,,,,,,,,,,,,,,,15,,75,80,,,,,,,,,,,,,80,,,,,,,,,,70,,,,,,30,80,,,,,,,,,,,,,,,,,,,,,,,,,,,,,,,45,,,,,,,,,,,,,,,,,,,5,40,,,85,,,,,,,,,,70,,,,58,,,,,,,,60,,,,,,,,55,,,,,,,,,70,,,,,,,60,,,85,,,66,,,60,70,,,,,,,,,,63,,,20,,,,90,,,35,,,,75,,,,,,,,,,,20,,,,,,,,75,,,,,,,,,,,,,,,,,,,,,,,,,,,,White,Female,Democrat
164,,,,,26,,,,,,,,,,,,,,30,,,,,,,,100,,,,,17,,,86,,,,,,,,62,,,,,,,,44,59,,,62,10,,,,,,,67,,,,,,,,100,,,,,,,,,,,,,,,35,,70,,32,56,,,,,,,,,18,,100,,,,7,1,,32,,,,,,,,,,81,,,,,,,,,66,,,,,,,,,,,,,,,,,,,,,,,,,,,,,,,,86,,,,,,,,,,,,,,0,,,,,,,,,,,,,,,,,,,,,,,,,,,,,,0,,14,0,,,,,,,,89,,,,,,,,,,,,,,,,,,,13,,,,,60,,,,,,,,,,,,,,,,,,,,,,,,,0,,67,,,,84,,,,,75,,84,,,,,,,,,,,,,,,,,,,0,,,,White,Female,Democrat
167,,,,,,,,,,15,,,,,,,,,25,,,,,,,85,,,80,,,5,60,,,,,,,10,,,70,,,,,,,,,,,,,2,,,,,,,,,,50,,,,,,65,,,,,60,,,,25,,,,,,,,50,,,,,,,,,61,,,10,70,,,,,30,,,,,,,,5,,,,,,,,,,5,,,,,,20,,,,,,,,,,,98,,,,,,,,50,,,,,,,,60,,,,,,,,,,,2,,,,,,,65,,,,,,,,,,,15,,,,,,,98,,,,,,,,,,,,60,,,,5,,,,,20,,,,,,,,,50,,,,,,,,,,,,,,,,,,,55,,,70,,,,,,,50,,,,,,,,85,,,,,85,,,3,90,,,,,,,,,,,,,,,,,,,,,,,,,,,,,,White,Female,Democrat
169,,,,,,,,,,,,74,0,,,,,86,,,,,,,,,,25,79,18,,,,,,,,,93,,,10,,,,,,,,,,,,,,,,,,,61,,10,,,0,0,77,,0,,,,,,,,36,16,,,,,,,,,11,,,,28,,14,,,,,,,,,,,,,,,,,,,12,22,,,,,,,,,,,,,,,,,,,,,,,,,,37,,,42,,,,,,,23,,,0,,,,,,,,,,,,,,50,,,,,,,,,,,,62,,,,,,,,14,,,,,,,,,,,,,48,,,,,,,,,,,,,,,,,,,,,,0,,,,,,,0,,71,,10,,,,100,,,,,,,,,,,,,,,,,,,,,,,,,,,,,,,,,,,,,,,,,,,,,,,,,,,,,,,,,,,,,,,White,Female,Democrat
174,,,30,0,,,,,,,,,,,,,30,,,,30,,,,,40,,,,,,,,,,,,,60,,,,30,20,,,10,,,,,0,,,,,,,,,,,,,,,,35,,,,,,,,,,,,30,,,,,39,,,10,,,,,,,,,,,,,,,30,,,,,,,,,,,,,,,,,,,,,,,0,,,,,25,60,,,,,60,,,,,,60,,,,,,,,,,,,,,,,65,,,,,,,,,,,,,,,,,,,80,,,,,,,,,,,,,,,,,,,55,,,30,,,,30,,,,,,,,,,,,,,,,,,,,,,,70,,,,,,,,,,,,,,,30,,,,,,,,,,,30,,,,,,,,,,,,,,,,,,,,,,,,,,,,,,,,,,,,,,,,,,,,,,,White,Female,Democrat
178,95,,,28,,,,,,,,71,66,,,,,,,,,60,69,,,96,,,,,72,,,,,67,,,74,,,,,,,53,46,30,,,,,,62,62,9,,,,,,,,,,,,63,,,,,,,64,,,,,,,,,,,,,,,,,,,,,,,,,,,,,,,,,19,,,,,,,,,,,,,,,,,,,,30,,,,,56,,75,,70,,,,,,,,,62,,,,,,,,,,,16,11,,,,,,,,,,,,66,56,,61,,,,,,,,28,,,,,,82,,,,,,,,,,,,,55,,,,,,,,,,,,,,,,,,,,,,,91,63,,,,,,,,,,,,,8,,,40,,,,,,,,,,0,,,,,,,,,,,,,,,,,,,,,60,,,,,,,82,,,,,82,,,,,,,,,,,,,7,,34,29,White,Female,Democrat
182,,,,30,71,,,,,,,,,100,,,,,,,,,,,,,,0,100,,,,,,92,,,9,,0,,,71,,,,0,,,,,,,,71,,,,,,,44,,,,,,,,,,,,,,,,,,,,,,,0,,,,,,,,,,45,,,40,,,0,,,,,53,,,,,,57,,,,100,,,100,,,,,,,,,,,,,,,,,,,,,,,,,20,,,,,,,,,,,,,,,,,,,,,,,,100,,,,,,,,,,92,100,,20,,,,,0,,100,,,,,,100,10,,100,,,,,,,,,,,,,,,,,,,,,,,,,,100,,,,,,,,,,84,0,,,,,,,,,34,,,100,,,,,100,,,,,,,,,,,,,,,82,,,,,,,,0,,,,,,,,,,,,0,,,71,,,,,,,,,,,White,Female,Democrat
201,,,,,,,62,,,,47,90,,,,,53,,,,,,,,,94,,,,,,,,,,,54,,,,,92,,,,,,,,,,,,,1,,,,,75,61,50,,,30,,,58,,,,,,,73,,,,,83,,,,,,,,,,,,,,,,,,,,,,82,,,,,,,,,,,,,,,,8,,,,,,,,,64,,,,,,,,,,,,,,,,,88,,,,,,,,,,,,,,,,,,,,,7,,,,,,,97,25,,58,,,81,,,,,94,,,,,,,,,,,,,,,,,,,,,,,,,,,,,,,,,,,,,,,,,90,,,,,,,,,,,,,,,,,,,,,,,,,,,85,,,,,,,,,,,58,,,,,,,47,,,,,58,62,,,,,,,6,,,,,,,,,,,,,,,,,,White,Female,Democrat
205,,,41,,,,,,,,,,,96,60,,32,,,,,,,,,,,,,,37,,,,,,,,,,,,,,,,,80,,,,,,,,,,36,,,,,,,,,,,,,97,,,4,,95,,,,,,58,,,,11,,,,,,,,,,23,,,,,61,,,,,,,,,,,,,,,,,57,,,,,86,,,,64,,31,,,,,53,,,,,,,,,,,,,,14,,,,,,,,,,81,,76,,,,,,,,,,,,,,,,,,61,,,,,,,,,,,,,,,,72,55,,,,,43,,,,,,,,,,,,,,,,,,,,,,,,,35,,,,,,,,,,,,,40,86,,,,,,,76,,,,,,,,,,,56,,,,,40,,,,,,,,96,,,,,,,57,,,,,,,,,,,,,,,,,,,,,40,,White,Female,Democrat
4,99,,,,77,,,,,,,,,100,,,,,,,,,,,,100,,,98,,,,,,,,33,,,,,,,,78,,,,,,,,,,,3,,45,,,,75,,,,,,,,,,,,30,65,,,,,,66,,,,,,,,,,,,,,,,,,,,,,,,23,,,,,,,,,,,,,43,,,,84,,,,,,,,,,,,,,,,,,,,71,,,,,,,,51,,,,,,,,,,,,,,29,,,92,,0,,,,24,,66,,,,,85,,,,,,,,,33,,20,,,,,61,71,,,,,0,,,70,,,,,,80,,,,,,31,,,,,,,24,,,,,1,,34,,99,,,,,,,,,,,,53,,,,,,,46,,54,,57,78,36,,,,,,,79,,,,,,87,,,,,,,,,43,,,,,0,,,,,,,,,,,,,57,,White,Male,Democrat
6,,,,2,,,,,,,,,,,,,,,,,,,0,,,,,,,,,,,,,,,,,,,,,,,,,0,,,,5,,,,10,,,,,,,,,,,,,,,90,,,,,92,0,,,,2,,,,,0,,,,,0,,,,,,,,,,,,,,0,,,,,,,,,,,,,,,,,,,56,,2,49,,,,,,,,49,,,,0,,,,,,,,,,,,,,,,,56,,,55,,,,,,51,,40,,,,,,,0,,,,5,,,,41,,,,,,,,,,,,,,,,,,,,,,0,,,,,,,,,,,,,,,,,,,,,,,,,,15,,,,,,60,,,,,,,,,,,,,,,,,,,,,,,,,,0,,,,,,,,,,,,,,,,0,,,,,,,,,,,,,,,,,,,5,,,White,Male,Democrat
18,,,19,0,,,0,,,,,,,,,,,,,,,,,30,0,,,40,,,,0,,91,,,,,,70,,,,,,,,,,,71,24,,,,,,,,,,,,,0,,,,,,,,,,,,,20,72,,,30,,73,,,,,,,,22,,19,,,,,,,100,,,19,,,,,,,,,,,,,,,,,,,,,,,,95,,82,,,,,,,,,,,,,,,,,,,,,,,,,,91,30,,,32,,,86,,,,,,,,,81,100,,,,,29,,,,90,,100,,,,,,,,,,,,,,,,,,,,,,,,,,,,,,,,,,,,,,,,,,,,,,,,,,0,,100,,80,,,,,,,,,,,,,,,,,,,,,,,70,,,,100,,,,,,,,80,30,,,,,,,,,,,,,,81,,,,71,,,,,,,,White,Male,Democrat
19,,,61,,,80,2,,,,,,,100,,,,,,,,,,,,,,,,,,,,,61,,,,,,,,,,,,20,,,6,,,,33,,,,,,,,,,,58,,,,24,,,,59,,,,,,,,,,,,73,,,,,,,,,,,,,38,,,,,,,,,,,,,,,,,,,41,,,64,,,78,,,,,,,,,,,1,,,,82,,,,,,,0,,,,,,,,,,,,58,,,,,,,,,,,,,68,,,,,25,60,36,,,,36,,,,,42,,,,,,,,63,,,,,78,,,0,,,,4,,31,,,,,,,,,,,,,,80,,,,,,,,,84,,,,,,,,,,,27,,,,,,,0,,,76,,,,,,,,,,,,,,,,,,,47,66,,,,,,80,,,,38,,,,,,,,,,,,,73,,,,,White,Male,Democrat
33,,,0,,,,,,,,6,62,,99,,,0,0,,9,,,,,,,,0,100,,,,,,,,,,,,30,0,,,,,,,,,39,,,,,,,,,11,,,,,,,,,,,,,62,14,19,,0,,,,,,,,,,,,,,,,,,,,,8,,,,,,,,9,0,,,,,,,,,,,,,,18,,,,,,93,0,,51,,,,,,,,,,,,,,39,,0,,,,,,,,,,,,,,,,,,,,,,,,,,,,,,,,,,,,,,,,,40,,,,0,,,82,,,,,51,,,,,,,,,,,41,,,,,,,,,,,,,,,,,61,,,63,,,,,,,,,,11,70,,,,,,,,,,,,,0,,,,,,,,,,,,,,,,,,,,,,,,25,,,,,,,,0,,,,,,,,,77,,,,0,White,Male,Democrat
41,,,,,,,4,13,,,,,,,,,29,,,22,,,,,,,,,,,,,,,,,,,97,,,,44,,,,,,,,,,99,,,16,21,,,,,,,96,,,5,,,,,,,,,99,,,,74,,,,29,,,,,82,,,,,,,,,,,,,,,,,12,,,,,,28,75,,,93,,,77,,62,,,,,,,61,,,,,76,68,,,,,,89,,,80,,,,,,,,,,,,,,5,81,100,96,1,,,,,,,91,,,,,,,,,,,,,,91,,,,,,,,,,,85,,,,,,,,,,,,,,,69,,68,,,,,,32,,,,,,,,,,,,,,,,,,,,,,74,,,,,65,63,,,,,,,,,,,,,,,,,,,,0,,,,,,100,,,,,,,,,,,,,,,,,,,,,,,,,80,,,70,,White,Male,Democrat
46,,,60,,,,39,,,,,,,100,,,,,,,,,,,,,,20,,,,40,,,,,,,,,,,,,,,,,,,,,,,,40,,,,,,,,,,10,,70,90,,,,,,,,24,,60,,,,,,71,,,,,,,,,,,,89,,,,,,,,,,47,,,,,,,,,,90,81,,,,,,,,70,,,60,,,,,,85,,,,,,,,,,,,,,,,,,,,,,,75,,,,,,,,,,,,,,,,,,89,,93,,,,,,100,,,,85,,,90,,,,,,,,,,,,,,,,,,,74,,100,,,80,,,,90,,,,,,,,,,,,,,100,,,91,,86,,,,,,,,,,,,,,80,,96,,,,,,,,,,,,,,,,,,,,,,,90,,85,,,,,,10,,,,,26,,,,,,,,,,White,Male,Democrat
63,,,,,88,,,,,,,,,,,90,50,,,,70,,,,,,,,,,,,,,,,,,,82,,,,,86,,,,,,60,,,32,,6,,,,,,,,,,95,,,,,,,50,,,98,,,,60,,,,,35,,,75,,,,,,65,,,,40,,,,,,,,22,,,,,,,65,,,,,,90,,,,88,,,,,,,,,74,,,,,,91,8,,,,,,,,,,70,,,,,,,,,,,,,,,92,,,,,,,,,,,20,,20,,,,,,,,90,84,,,,,,,,31,,,,,88,,,,,,,,,0,,,,,,,,,,,,,,,,,,66,,,,,,,,,,,,,,,,,,,,90,,,,,,,94,,,,,,,,,,,70,,,,,,,,,,,,,,95,,,,14,,,,,,,,,,,,75,,,40,,,White,Male,Democrat
69,92,,,,,,,,,,,,,,,,,,32,38,,,,,,,,,84,,,43,,,,32,,,,,30,,,,,,,,,,,,,24,,18,,,,71,,,,,,,,,,22,,,,,,,71,,,42,,,,,,,63,,,,,,17,,,,,,,,,,,,35,,,,,,,,,,,,,,85,,,,,,,,,,,,,71,,,31,,,,,,,,,,,,37,,,27,,,,,,,,,,,,,,,,,,,,,,,,32,60,64,,40,,,,,,,,,,,,,,,,,,,,,,,,20,,,,,,,,,,,,,,,,25,,,26,,79,,,,,,,,,,,,,,,,,,,,,,,77,,60,,,,,,33,,,,,,,,29,,,,,,,,,,,,,,,,,82,,,,,,,33,,,61,,,,,,63,,,26,,White,Male,Democrat
77,100,,,,,,,,,,,,,,,,7,,,,,,,,,,,,,,,0,,,,,,,,,,,3,,91,,,,,,,,,0,,0,,,,,,,21,,,,,,,,,,,,11,,8,,,,,,,3,,,,56,,9,,,,4,,,,,,,,,,,,,,,,9,,,,,,,,,,71,,,,33,1,,,,,,,,,,,,,82,,18,,,,,,0,,,,,,,,,,,,,,,,,,,,,,79,,,,,,,,,,,,,,,,,,,,,,,,,,,13,51,,,,81,,,,,,,,,,,,,,,,,2,,,,,,,,,,,,,,,,,,,,,,,,,,11,,,,,,,,,,,,,,,,,,,,,,,,,,16,,,,,,,,71,,,,,,,,,,,,,,,,,,,0,,,0,White,Male,Democrat
79,,,,,,,,,,,,,,95,,,,,,40,,,,,,,,,95,50,,,,,,,,,,,30,,,,30,,,,,,,,80,,,,,,,,,,,,,,,,,,,,,,,,,,,,,,,,,,,,,,,,,,,,,,,,,,,,,,,,,40,,,,90,,,,,,90,,,,,,,,,,,,,,,,,,,,60,,,,,,,,,,,,,,,,,,,,40,,,,,,,,,,,60,,,,,,,70,,,,80,,,,,,,,,,,,,,,,,,,,,,,,,,,,,,,,,,,,,,,,,,,,,,,,,,,,,,,,,,,,,,,,80,,,,,,,,,,,,,,,,,,,,,,,,,,,,,,,,,,,,,90,,,,,70,,,,,,,,,,,,White,Male,Democrat
96,100,30,,,,,,,,,10,100,,,,,,,,,80,,,,,,,,,,,,,,,,,,,,,,,,,,,,,,,,,,,42,,0,,,,,,71,,,,,,,,,,,,,,10,,,,,,50,50,,,,,19,,,,,,,,,,,,,,,,,,,,,,,,,,,,,73,,,,,,,,,0,,,,,,,,,,,,,,,,,,,,,,,,,,,,,,,,,,,,,,,,,,72,,,,,,,,,,,,,90,,,100,90,,,,,50,,,,,70,,,,,,,,,,,70,,,,,,,,,50,,,,,,,,,,,,,,,,,,,,,,,,,20,,,,,,,,,,,,,,,,,,,,,,,,,,,,,,,,,,,,,,,,,,,,,,,,,,,,,,0,,,,White,Male,Democrat
97,,3,,,,,0,,,,14,,,,,,,,,,,,,,,,21,,,,,,,,56,,,,,,,,33,,,,,,,12,,,47,,,,,,,,9,,,,,0,,,,,,,,,,,,1,,32,,,,,,,,,,,,,,,60,,0,,,,,,7,,,,,,,,,,,,,,,,,,,,,95,,,,,,,,,,,,,20,,,,,,,,,,,,,,,,,,,,,,,,0,,,,,,,,,,,,,,,98,22,64,,,57,68,,,,0,,,,,,,,33,,,54,,,23,,,,60,,,,,,21,,,,59,,16,,,,,,47,,,,,,,,,,,68,,,,,,36,,,,,,,,,,,,,,,,,,,,,,,,,,,,,,,,17,,,,,,,,,,,,,,,,,,,,,,,0,,0,,,,White,Male,Democrat
106,,,,,,,,,,,,,,,,23,,,,,,,14,,,,,,,,,,,,,,,24,,,,,,,,,,,4,,,,,,9,,,,,,19,,,71,,,,,,,,,,66,,,,,,,,44,,,,,,81,,,,,,,,,,,,,,56,21,,,,,60,,,,,,,,,,,55,,,,,,,24,,,,,,,,,58,,,,,,54,87,,71,,,,,,,,,,,61,,33,,,,6,,,,,,,,,,,97,,,,,,65,,,,76,,,,,,76,,,,40,60,,,,,,,,,,,,61,21,,,,,,88,,,56,,,,,,,,,,,,,,,,,,,,,,,,,45,60,,,55,44,,,66,,,,,37,,,,61,,,51,,,,33,,,,,56,92,,94,,,,,,,,44,,,,,,,68,,,51,,,,,,,,,26,White,Male,Democrat
111,,,,52,,,,,,18,,81,,92,,32,,,,76,,,,,,,,,,76,,71,,,,,,,,,,,,,,,,,,,,,,,,,72,,,70,,,,75,,,,,,75,,,84,,,,55,,,,,,,,,,,,,,,,,,,,,,,,86,,,,66,,,,,,,,,,,,,,,,,,,,,,,,,,,,,,63,,,,,80,,,66,,59,,,,,,,,,,,,,,,,,,,,,,87,,,,,,,,,,,,,,,90,,,,,,,,,,,,,,,,,,,,,,,,,,42,,72,,,,,,,,,,,,,,,,,,,,,,,,,,97,,,79,,,,,,,,,,,,80,,,,,,,,,,,,,,,,,60,37,,,,,,,,,,,,,86,,,,,,92,,,,,,,,84,,,,White,Male,Democrat
126,,,,,,,,,,0,0,,,,,,,,,,,,,,,100,,,,,,,,,,,,,,,,,,7,,,,,0,,0,,,,0,,,,,,,8,,100,,,,,,0,100,,78,0,,,20,,,,,,,,,,,,,0,,,,,,,,,,,,,,,,,,,,,,,,,,,,,,,,89,,,,,,,,,,,,,,,,,,,,,,,,15,32,,0,0,,,,,,,0,,16,,,,,88,,,,,,,0,,,,,,,,,,,,,,100,,,,,,,,,,,,,,,,,90,,,,,,,,,,100,,,,,,,,,,,,,,,,,,,,,,,,81,,,,,9,,15,,,,,,,,,,,,,,,,,,,33,,,,,80,,,,77,,,,,,61,,,,,,59,,78,41,,,,,,,,91,,,,,,White,Male,Democrat
127,89,,,,,0,50,,,,,,,,,,,50,,,,,,,,,,,,,,50,,,,,,,,,20,,,,,,50,,,,71,57,,,,,,,,,,,,50,,,,,,,,,,,,,50,,,66,,90,,,,,,42,,,,,,3,,,,,,,,,,63,,,,,,,,,,,,,,,80,,,89,,,,,,,,,,,87,70,,,,82,,,,,,,,,,,,,,,,,,,,,,,,,,,,,,,,50,,,,,,27,,,,,,,,65,,,,,,,,,,98,,,94,,,,,,,,,,,,,,,,,60,,,,,,,,,78,,50,,,,,,,,,73,,,,78,,,,,3,,,,,,,,85,,,,,,,,,,,,,,,,3,,,98,,,,,,,69,,,,,,,,,,,,,,,,,,,,,,,White,Male,Democrat
129,,48,35,,,,,71,,,,,,,,,,,,,,,,,,,,,,,,,,,,,,,11,51,,,,,,19,,,,,32,,,45,,,,,,69,,,,,,70,,,,,57,,93,,,,,,,,,,,,,,17,,,,,,,,,,,,,,,39,,,,,,,,,,,,51,,,,,,,,,,,,,,,,,,,,,,,,,,,,,,,,56,,,28,,51,,,,,,,99,88,,43,26,,79,,,,,,,,,,,51,,51,,,57,,,64,,70,51,,13,,,,6,,,,,,,53,,,5,,,,,,0,,,,,,,,,,,,,,,,,,51,,,,,13,,,,,76,,,,,,,21,,,,,,,,,83,,,17,,,,,,,21,,,,,,,,,,,,,51,,94,,,,,,,,78,,,,,,,,,,,,43,,,White,Male,Democrat
143,,,,,,,,,,0,,75,,,,,0,,,,40,,,,,100,,0,90,,,5,,,,,20,,,,,,,,,,,,10,,,20,,,,,,0,0,,20,,25,20,,0,,,,,,,,0,,80,,,,,,,,,,,,,60,,,,0,,,,,,,,,,0,,,,,,,,,,10,,,100,,,,,,,100,,,,,,,,,,,,,,,80,,,,10,,,,,,,,,,,,,,,0,0,,,,,,,,,,60,,,,,,,,,,,100,,,,,,,,,,75,,,5,,,30,,,,,,,,,,,,,,20,,,90,,,40,,,,,,,,,,,,30,,0,,,,,,,,,,,,,,,80,,80,,,,,70,,,,,,,,,,,,,,,,,,,,,,,,,,,,100,,,,100,,,,,,,,,,,,,,,,,White,Male,Democrat
146,,,,,,,,,,,10,,,100,,,,,,,,,,,,,,,95,,,,,,70,60,,0,,,,,15,,,,,,,10,,,,,,,,,10,,,,5,,,,,,,,,0,,,,,,,,15,,,,10,,0,,,,5,,,0,,,15,35,55,,,,,,20,,,,,,,,,15,80,,,15,,,,,70,,,,,,,,,,,,,,,,30,,,,,,,,,10,,20,,,,,,,,,,,,40,,,,,,90,,,,,,,,50,,,,,,,,,,,,75,,,,75,10,,,,,,,,,10,,,10,,,,,,,,,,40,,,,,,,,,,,,,,,,,,,,,,,,,,,,,,,,,,,0,,,,,,,55,,,,,,,,25,,,,,,,,,,,,,,,,,,,,,,,40,,,,,,,,60,,,,,White,Male,Democrat
154,,,,,,,,,1,,,,,,,,,,,,71,,,96,,,,,,,0,,,,,,,,,,,,,,,,37,,,,,16,,,,,,,,,0,,5,,0,,,17,,,,,46,,,84,,,,,,89,,0,,,,90,,,,,,,,,,,,,,87,,,,,,,,,,,,,,,,,,,,,,,0,,,,36,,,,,,99,,84,80,,,,92,,,,,,,,,,,,,,,,,0,,0,,,,,,,,,,,,,,,,100,,,,,,,,,,76,,,,,,,,,,,,,30,,,,,,,0,,,,,,,,,10,,9,,,,50,,,,,80,,,,,,,27,,80,,,,,,,,,,,,,,,78,,,,,0,,,,,,78,,,,,,40,,,,,,,,,,,,,,,,,,,,,7,,,,,,,,,,,White,Male,Democrat
165,,,,28,,,,,,,,64,,,,,,,,,,,,,,,,25,,47,,,,,,,,,,,,,,,,,53,,26,,,,53,,,,34,,,,,48,,,35,,,,,,,,,,,,,38,,,59,,40,,,,,,,,,43,,,,,,,,,,,,,,,52,,,37,,,,,,,,,,,,,,67,,,45,,,55,,,,,,,,,,,,,,,,,,,,,,,,,,,,,,55,,,,,41,,,,,,,,20,,,56,,,,,,54,,,,,,,,,10,,,52,,,59,,,,,,,,,,,,,,,48,,,,,,,,,,,57,,,46,,,29,,,,65,,,,15,46,,,,,,46,,,,,,,52,,28,,,45,,,,45,,,,6,,,,,,,,,,,,,,,59,,,57,,,,,,,48,,,,,,,,,,,White,Male,Democrat
168,,37,,,,,,,,,,,,,70,,,,14,,,,,,28,,61,,,,,,,,67,55,,,,,,20,,,,60,,,,,52,,,,,,,,,,,,,,,,,,,,,,,,,,,,,,55,,,31,,,,51,,,,,20,,,,,,,,61,,,,,58,,,,,,,,,,,,,,,,,85,,,,,,21,,,46,,,,,,,19,,,,83,,,,,40,,,,,,,,,31,,,,,,,57,,,46,,,,44,,,20,,,,,,,,,,,,,62,,,,,,,,,,,,,,,,,35,,,,,,,,,,,67,,,,,,,,,,,,,,,,,,,,,,,,,,,29,,,,,,,,,58,,,,,,,,,,,,,,,,,,,,,81,,,,,,,,,,,42,,,,,,,,,,,,70,,54,,,White,Male,Democrat
171,,,,,,,56,,,,,86,,,,,74,,,,,,,73,,93,,,,89,,,,,38,,,,,,,,,,,,,,,,,,64,,,,,,,,,,,,,,,,,,,,,,,,57,44,,,,,,,,,,,,,,,,,,,27,,,,,92,58,,,,,,,,,,,,20,,62,,79,,,,,,,,,,,,,,,,71,,47,,,,84,,,,6,38,,,,,,72,,,,,,,,,,,,,59,,,62,,,,37,,,,,,62,,,,,,,,,,,,,,,,,,,,,,,,,,,,,,,,,,,,,,,,,,,,,,,,,,,,,,,,,41,91,,,,16,11,61,,,,,,,,,,,,,,,,,,,,,,,,,,,64,80,,,,,,,54,,,,,61,58,,,,,,,,,69,,,,,,,,White,Male,Democrat
179,,,,,,0,0,,,0,,35,,,,,,,,,,,,,0,80,,,,,15,,,,71,,,,75,,,,,,,,,,,0,,0,,,,,,0,,,,,0,0,,,,,,,,,,,,,,,,,,100,,,,,,,,,,,0,,,,,,,,,70,,,,,,,,,,,,10,,,,,,70,,,,,,0,,,,,,,,,,,100,,,71,,,,100,,,,,,0,,,,,,,,,,100,,,,,,,,,,,,,,,,,,,,,,14,,,,,,,,,,,,100,,,34,,,,,,,,,,,0,,,,0,,,,,,,,,,,,0,,100,,,,,,,,,,,,,,,,,,,,,,,,,,,,,,,,,,,,,,,,,,,,,,,,,0,,,,,,,100,,,,,,,,,,,,40,,,,,0,White,Male,Democrat
186,,,,0,,,20,,,0,,,8,,,,,70,,,,,,,40,85,,0,,,,,,,,80,53,,,,,,,,,5,,,,,,90,,,,,,,,,,,,,,,,,,40,,,,10,,,,40,95,,100,,,,,,,,40,,,,,,,,,,,60,80,70,,,,,,,,96,,,,,,100,,,,,,,,,,75,80,40,20,,,10,,,70,,,,19,,,25,,,0,,,30,,,,90,,,,,,,,,,,,,,,,5,,,,95,,,,,,,95,,,,,,,,,,,,,,,,,,,,40,15,,,,0,,,,,,,,,,,,,,,,,,,,,,,,,,,,,,20,,,,,,,,,,,,,,,,,,,,5,,,,,,,,,,,,,,,,,,,,,,,,,,,,55,,,,,,,,,,,,,,100,,,,White,Male,Democrat
189,,,,,,,,,,,,,10,80,,25,,,,,,,,,,90,,,60,30,,,,,,,,20,,,,,,,,,,,,,,50,,,,,,,,,20,,40,,,,,,,,,,,,,,,10,,,,,,,,,,,,,30,,,,,,,55,,,,,,,,,,,,,,,40,,,,,,,,,,,,0,3,,,,,,,,,,,,,,,,,,35,,,,,,,,,,,,60,,,,,,,,50,35,,,,0,,,51,,3,,,,,,,10,,,,0,,,,,,,10,,,,,,,,,,,,,60,,,,,30,,,,,,,,,,,,25,,40,,,,,,,,,,,,,,,,,,0,20,5,,70,,,,,15,,,,,,51,,,,,40,,0,,,,,,25,,,,,10,,,,,,,,,,,,,,,,,,,,19,,,,,White,Male,Democrat
206,,,,0,,,,,,,,,,,,,,0,,,,,,,,,0,,95,25,,,,,,,,5,,60,,,5,,,,,,,15,,10,,,,,,,,,,,,,,,,,,,,9,,0,,85,,,,7,,,,,,,,,70,,,,,,,,,,,,,,,,12,,0,,,35,,,,,,82,,,,50,,,,,,,,90,,75,,,,,,,,,,10,,,,,,,,,,,,60,,,,,,,,,1,,,,,,,,0,,,,,,,,,,,,65,,,,,,24,,,,,,90,,,,65,,,,,,,55,,,,4,,,,,,55,,,,,70,,,25,,,,,,,,,,,,,,,,,,35,,,,,,,,,,,,,,,,,,,,,,,,,,,,,,,,,,20,,,,,,,,,,,,,,,,,,,,,,60,,,,White,Male,Democrat
207,,0,,,,,30,,,,56,,38,81,,,,,,20,62,,,79,,,,,,,,25,,,,,55,,,64,,,,,,,,,15,,,,61,,,,,,,,,67,,,59,,,55,,,,,,,,,,,,,56,,,,,16,,,,,,44,,,,,,,,,,,,,,46,,,,31,,,,85,,92,,,,,34,,,85,,,,,56,,,,,70,,,,91,,,,,,,,,,,,,,0,,,,,,,,,,,,,,,,31,0,,,,,,,70,,,,72,,,,,,,,,,,,,,,70,,,,,,,,,,37,,,,,,37,,,,,,,,,,,0,,,,,,,,,,,,,,,,,61,,,,,,,,,,,,,,,,,,,,,44,,,,,,,,64,,,,,,,,,62,,,,,,,,,,,,,,,,62,,,0,,39,,White,Male,Democrat
209,,0,15,,,,,,,,,,,,5,,,,,,,,,,,96,58,,,0,,,,,,,,,,,,,,,,,,,,,,,,,,2,,,39,,,,,,27,,,,,,,,58,,,,,,,,32,,,0,,,,,,28,,,,17,,,11,,,,,,53,,,,,,,,,,,,73,,,,92,8,,,84,89,16,0,,,,,,,,,51,,82,,,,,,,,,,,,,,,,,,,,14,100,,97,,,,78,,,,,,,,,,,,,,,,,20,,,,,40,,,,,,,,,67,,,,29,,,,,,,,,,,,,,,,,,,,,0,,,,,,,,,0,,,,,,,,19,,,0,,25,,,,,,,,,,,,,,,39,,,,,,,,,,,,,,,,,,,,,,,,,,,,,,,,,,,,,,,,,,,White,Male,Democrat
2,,,,,100,,,,64,,,,,74,,,25,,,,,,,,,26,,,,,100,,,,,,,,,,0,,,,,,,,,,,67,,,72,,77,61,22,39,,,,,,,,100,,,75,,,22,,,,,,,,,,37,,,,,84,,,,,,,,77,57,,,,100,,,,,,,,23,,,60,,,,,,,,,,,,,,,46,,,,40,,,,,,86,,,,,,,,,63,,,71,,,,,,,,,,,,,,,,,,,,,62,,,,100,,,,,,,,,,,,,,,,,,,89,,,,,,,,,,68,,,,,,,,,,,,,,,45,,,,,,,43,100,,,,,,,,,,,,,,88,,,,,,,,,,,,,,,,,,,,,,,,,,,,,,,,,,,,,,,,,,,,,,,,,,,,,,,,,,,White,Other,Democrat
120,,,,,,,19,,,,,,,,,,,,59,,,,,,,,,9,,,,,,,,,,,,,,,,,,,,,,51,,51,,,,,,35,14,,50,,,,,,,,,,,70,,,,,28,,,,,,,,,,,95,,,,,,,72,,,82,,,8,51,,,,,,,,30,,,,,,,,,,,41,,,,,,,,,,,,,,48,,,,,,60,,,,,,,,,,,,,,,,,,,92,,,,74,,,,,,,,91,,,68,,44,,98,,,85,,,,,,72,,,,,81,83,,,,,,,,,,,,,,31,,,,,,,,,,,,,,,,,,,51,,,,,,,30,,74,,,,,,,,,,,,,,,,82,12,59,,,,,,,22,,,,,,,,,,,,,,,,,,,,,,,,,,,,,,,,,,,,,,,White,Other,Democrat
139,,,,,,,,,,,,,,,,,,,,0,,,,78,,82,12,0,,,,,,,,100,,,,,,,,,,,,,,,,0,,,,,,,,,12,,,,,,,,,,,,,,,,,,,,,,,15,,,,,,,,,,0,,,,,,,81,,,,,,,,,,,,,,,,,,,,,,,,,,,42,,83,86,,,,75,,,,,,,74,,,,,,,,,,,,,66,,,,,,,,,,,,,,,,,78,,0,,,,,,,,,,,,,,,,,,,88,,,,,,,,,,,,,,,,,,,,,,,,,,,,,,,,21,,,,,,,,,39,,,,,,,,,,,,,,,,,,,,,,,,,,,,,,,,,,,,,,,,,,,,71,,,,,,,,,,,,,,,,,100,,,,,White,Other,Democrat
170,,,,,,85,,,,56,,,,,,,44,,19,,,,,,29,,,,,,,20,32,,82,28,15,,,44,,,,26,,,,,10,71,,,,,,,,,,,,,,,26,,,60,,,,,,,17,,29,,,,,,,,,,,,79,,,,,,,,,,,24,,,,34,,,,66,,,,,,,,,,,,,,30,,75,,,,,,82,,40,,,,,,,,,,,,,,,,79,,41,,,,,,93,,,,,,,,,,,,,9,,,,90,,,,,,,,,,,,,,45,,,,,,72,,,,,,,,,,,,,,,,,62,,,,,,,,,,,,,69,,,,,,,,,,,,,,,,,57,,,,,,,,,,,,,,,,,,,,,,,,22,,,,,,,,,,,,,,,,,,,79,,,,,93,,,,,,,,,,,,White,Other,Democrat
70,,,,55,,,52,,,,,,,,,,,,,,,,,,14,,29,79,,,92,,88,,65,,30,,,,,,,,,,,,,,,,100,,75,,32,,36,,,69,,,,56,,,,,,,,,,,,,,,,,,,87,,,,,,,,,,,,92,,,,,,69,,,,,,,,,,65,,,,,74,,,,,,,,,75,,,,,,,,53,,,,,,,,,,,,,,,,,66,,,,,,,,,,,,88,,,,66,20,,,71,,,89,,,,,,,,,,,,,,,,,,,,,,,,,57,,,,,,,,,,73,,,,,,,,,,,,,,,,,,,,,73,,57,,,,,,,,,,63,,,,,,,,,,,,,,,,,,,,,,,,,,,,,,,,,,,,,,,,,,,,,,,,,,,,,8,,,,Asian,Female,Other
108,,,,,,30,,65,,,,,,,,60,,,,,85,,,,,,,,,,75,,,,,,,,,75,,,,,,,,,85,,,75,95,,,,,,,,,,,,,,,75,,80,,,,,,,,,,,,,,,,,,,,,,,,,,90,,60,,65,,,,85,,,70,,,,,,,,,,,,,,,80,,,,,85,70,,,,,,,,,,95,,90,,,,40,,,,,,,,,,,,,,,,,,,,,,,,,,,,,30,,,,,,,90,,,,,,,,,85,,,,,,,,,,,,,,,,,,,,,,,,,,75,,,,,,,,60,,,,,,,,,,,,,,,,,,,10,,,,,,,,,,,,,,,,,,,,,,,,,,,,,,,,,,,75,,,,,70,,,70,,,,,,,,,,,,,,,Asian,Female,Other
135,,,,,,,,,,,,,,,,,,,,,,,,,,,,,,27,,100,,,,,,,,39,64,,,,83,,,11,,,,,,43,54,,,,,71,,,,,,,,,,,,,,,,,,,,,,,,,,,,,,,,,,,41,,,,,,82,,53,,,,,,,,,,,,,,,58,,,69,,,,,,,40,25,,,,,,,,,,,,,,,,18,,,,,,,,,,,,,,,,,,,71,,,,91,,,,,,,,,45,,,70,,,100,70,,,,87,,,,,,,,,,,83,,,,,,,,,,,,,,,,,,,,58,,,,76,,,,61,,,,,,,,,,,,,,,,,,,,,55,,,,,,,,,,,,,,,,,,,,,,,,,57,,,,,,,,,,,,,,,,,,,,,43,,,56,,,Asian,Female,Other
74,94,,,,,57,,,,,,,,,,20,,,16,,,,,,,,,,,,,,,,,,,,82,59,,,,,,,,,,,,,,,18,,,33,,,,,,,,,,58,,,,,,,,,,,,,36,,,,,,,,70,,20,,,,,,,,,,,,,,,27,,,,,,41,,63,32,,,,,,,,,,,,,,,,,,,,,,,,,,,,,,,,,,,,,,,,,,,,36,,,,,,,,,,,,,,,,,,,,29,,,,,,,,,,,,,,,,,,60,,,,,,,,,,41,,,,,,,,,,,,,,,,,,7,,,,,,,,67,,54,,,,72,,,21,,,,,,5,,,,,,,,,,,,,,,,,,,,,,,58,,,40,,,,,,,,,,,18,,,58,,,,,,,,,,,,Asian,Male,Other
128,,,,0,,,0,,,,,,,,,0,0,0,,,,,,,,,,,,,,,,0,10,,,,,,,,0,,,,,,,,,,,,0,,,,,,,,0,,,,,0,0,,,,,,0,85,,,,,,,,,,,,,,,,,,,,,,,,,,30,,,0,0,,0,,0,,,,,,,,0,,,,,,90,0,,70,,,,,70,,0,,,,,,,,,40,,,,,,,,,,,,,,,100,,,,0,,,,,80,,,,0,,,,,,,,,,,,,,,20,,,,,90,,,,,,20,,,,,,,,,,,,,0,,,,,,,,,90,,,,,,0,,,,,,,,,,,80,,,,,,0,,,,,,30,,,,,,0,,,,,,,,,,,,,,,,,,0,,,,,,,,,,,,,,0,,,,,,0,,,,,,0,,Asian,Male,Other
137,,46,,,,,,,30,,,,,,,,,,,,,,,,,,,,,51,,,30,,,,,,,,,,,,,64,,,,,54,,63,,,,,42,,,17,,,,,,,,,,,,,,,,,,,,,,,,,,,,,,40,,,,,,,,,,,45,,,,39,,,,,,,,,,,,,,,,,,,,,,,,,38,,,,,,,,,66,,,,,,65,,,,,,55,53,,,61,,,11,,,,,,,,,,13,57,,,65,,72,,61,,,,,,,,60,,,63,,,,,,,,,,,,64,,,,,,,,,,,,,,,,,,,,,,,55,,,,,,,,,,66,,,,,,,,,,,,,,,,,5,,,62,,,,,,,,,52,,,71,,,,,50,,54,,,,,,,,,,,,,,35,,,,,,,,,,,,,,Asian,Male,Other
181,90,,,0,58,,,,,,,,0,,61,,,,,,,,,,,80,,20,,,,,,,,,24,,,,,,,,,,,,,,,,,,,,,,,,,,,,,,0,,,,90,40,,,,,,,,,,,,,,,,60,,,,,25,,,25,,,,,,30,28,50,,,,78,,,,,,,,,,,,,,,,,,,,,,,,,,,,,84,,,,,70,,,,,75,,70,,,22,,,,,,,,,64,,,,,,,80,,,,80,,,,,,,85,78,,,,,,22,60,,,,,,,,,,40,,,,,,,,,,,60,,,,,,80,,,,,,,,,25,,,,,,,,,,,,,,,,34,,,,,,,,,,,,,,34,,75,,80,,,,,,,0,,,,60,,,,,,,,,,76,70,,,,,,,,,,,,,,,,,,,,,Asian,Male,Other
183,,,50,,50,,,,,,,60,,,70,,60,,,,60,,,70,,,,,,75,50,,,,,,,50,,75,,90,,,,,50,90,,,,,,,,,,,,,50,,40,90,,,,,,,,,,50,,90,,50,,,,,,,50,,60,,,,,,,,,,50,,,,,,,,,,,,50,50,,,,,,,,,90,,,,,,,,,,,,,80,80,,,,,,,,,,,,,,,,,50,,,,,,,,,,,,50,,,90,,,,,50,,,,,,,,,,,,,75,,,,,,,,,,,,,,,,85,,,,,,,50,80,,,,,,50,,,,,,,,,,,,,,,,,,,,,,,,,,70,,50,,,,,,,,,,50,,,,,60,,,,,,,,,,,50,,,95,,,,,,,,,,,,80,,,,,,,75,,,,,90,,,,,,Asian,Male,Other
184,,0,,,10,,,,,0,,,,,,,,,0,,,,0,,,,,,,,,,60,,,,,0,,,,65,,,80,,,,,,50,,,,,,,,0,35,,,,,40,,,,,0,,,,,,,,,,,,,,,,0,,,,20,,,,,25,,,,50,,,,,,,,5,,,,,,,,,,,,,,,,,,,,,50,,,,,,,,,,60,,,,,,66,0,,,,,,,,,,,,,35,,,,,,75,,,80,,10,,,60,,0,20,35,,,,,,,,,,,,,,,,,,,20,,,,,,,,,,,30,,,,,,,,,,,,,,,,0,,,,,,,,40,,,,,,,,,,,0,,,,,,,,,,,,,,,,,,,,,37,,,,,,,,,,,,,,,,,85,,,,,,,40,,60,,,,,,,60,,,,,Asian,Male,Other
188,,,,,,,,,41,,,,0,,,,,,11,55,,,,,,,,17,,,,,,,,,20,40,,,,,,,,,,50,,,,,,61,,,40,,,,,,,,,,,,,,68,,,,,62,,,47,,,,,,,,,,33,,,,,,,,,,,,79,,,,,,,,,,,,,,,,,,,,,,63,,,,,,,,,,66,,,,,,,,,77,,81,,,51,55,,,,,,,,,,,,,,,,,,,,,,,,42,,,,,,,,,,,,71,,52,62,,,,,,,,30,,,,,,,,,,,,,,,66,,,,,,,,,,,,41,43,,,,,,,,,,64,,,,,,,,,,,,,,,,,,64,,,,,,,,51,,39,,,,,,,,,,,,,,61,,,61,,,,,92,,,,,,,,,,,,,,,,,Asian,Male,Other
50,,,,,91,0,39,,,,,,,87,,,,,33,,82,,,,,,,,,,,,,,,,,,,,40,,65,49,,,,,,,,40,,,,,,39,,,,,52,91,,0,,,,,90,,,,,,,,,,,72,,,,,,60,,,,,,,,,,,,,,,,,,,,81,39,,,,60,,,,,,,,,,,,,,91,10,61,,,,,,,,,,,,,,,,,,,,,51,,23,,,,,40,,,,,,,,,,,,,,,,,,,,,,,,,,,60,,,,29,,,,,,,,,60,,,,,,,,,,,,,,,,,,,,,,,,,,,,42,,,,,,,,,,,,,61,,,,,,,,81,,,,,,,,,,,,,,,,,,0,,71,,,,,,,,,,,,,,,,,,,,,,,,,,,,,,,,,,Black or African American,Female,Other
115,,,,,,0,,,,0,,,,,,,100,,,0,,,0,,,,,0,,0,,,,,,,,0,,,,,,,,,,,,,,0,,,,,,0,,,,,,,0,0,,,,,,,,,,,,,,,,,,0,,,,,,,,,,0,,,,,0,,,,,,,,,,,,,,,,,,,,,,,,,,,0,,,,,,,,,,,,,,,,,,,,,,,,,,,,,,63,,,,,,,,,,,,0,,,,,,,,,,,,,,,,100,,,,,0,0,,,,,,,,,,,,,,,,,,,,74,,,,,,,,,,,,,,,,,,,0,,,,,,,,,,100,,,,,0,,,,,,,,,,0,,,,,,,,,,,,100,,,,0,,,,,,,,,,,,,,,,,,66,,,0,,,,,,0,,,Black or African American,Female,Other
130,,,,,86,,17,,,,,70,,,,,,,,,,,,,,,,,,,,,,,70,,,,70,,66,,,,,,72,70,,,,,,34,,,,,,85,,,,,,,,,,68,,,,,60,81,,,75,,45,,,,,,,,,61,,,,,,,,,,,,,32,68,,,,94,,,,,,,,,,,,,,,,,21,,,,,,,,,59,,,,,,,,,,,,,,,,,,,,,,,70,,,,,,,,,,,,,,,,,,,,,,,80,,78,,,,,,,,,,,,90,,70,,,,,,,,70,,,,,,,,,,,,,90,,,,,,,,,,,,,,,,90,36,,,,,,,,,,,,,,,,,,,,,,,,,,,66,,,,,,,,,,,,,,,,,,,,,,,,,,,,,,,55,,,30,,,,,Black or African American,Female,Other
158,,,,,,,7,,,,1,,,13,,0,2,,,,,2,1,,,,,,12,,,0,,,4,,,,1,,,,,7,,,,,,,,,0,,,,,,,,3,,,,,9,,,5,,,,3,,,,,,,,7,,,,,,,,,,,,,,,,,,,2,31,,,,,,,,,,,,,,,,,1,,0,,,17,,,19,,,,,,,,,2,,,,,,,,,,,,,,,,,69,,,,,,,,,,15,,,,39,,,,,,,,,,,0,,,,,,,,,5,,1,,7,,,,,,,,,,,,,,,,2,,,,,,,,,,,,,,,,,,,,,,,,8,,,,,6,,0,,,,,,,,,0,,61,,,,,,,4,,,,,,12,2,,,3,,,,,,,,,,,,,,,,,,0,,,,4,,,,,,,,,,,44,,Black or African American,Female,Other
194,,,,30,,,,,,,,,,,,,,,,76,,52,,,,,,52,,,,,75,,,,,,1,,,,,,,5,,,,,,,100,,,2,,,,94,28,40,,,,,,,,,,,,,,,,,,,,,,,,,,3,,,,,,,49,,86,,,,,,,,,,,,,93,,,,,,29,,50,,100,,,,,,,,,,,,,0,,,,,88,,,,,,,,,60,,56,,,,,,,75,,,,,,,,,,,,15,,,,,,,,,,,,73,,23,,,,,,,,,,,45,,,,,,,,,0,,,,,,,,,,,,,,,,,,,,70,,2,54,,,,32,,,,,,,88,,,,,,0,,80,,,,,,67,,,,,,,,,,,,,,,,,,50,,100,,,,,,,,,,,,,,,,,,,,,,,,,49,,,,,Black or African American,Female,Other
195,,,,,0,,,,,,,,,,,,,,,,,,,,,,,,100,,,0,,,,,,,,,16,,,,,,,,,,40,,,,,19,,0,0,,,,5,,0,0,,,,,78,,,,0,,,,,,,51,,,,0,,,,,,,,0,,,,,,0,0,,,,,0,,,,5,,,0,,,,,,,,,,,,,,,,,56,8,,,,51,,,,,,,,,17,,,,,,,,,,,,,,,,,0,,,,,,,,,16,,,,,,,,0,,,,31,,,,,,,,,,,,,,,0,,,,,,,,,,,,,,,,,,,,,,,,,,,,0,,,,,51,,,,,,,,,,,,0,,,,,,,,,,,,,,,,,,,,,,,,,,,,,,,,,,,0,17,,,,,90,,,,,,,,,,,25,,,,,,Black or African American,Female,Other
3,,25,,,,,,,,,,,,,,,,,,,,,,,,,84,,,,,,,,,,,50,40,,60,,,,,,,,,,,,,,,,,,,,,,,,,,,,50,,,,50,,82,,,,,,,10,,,,,,,,,,,,50,,,,,,,,,10,,,,,,,,,60,,91,,87,,50,,,,90,,,19,,,,,76,,30,,74,,,80,86,,,66,,,,,65,,,,,,,,,,,,,,,,,,,,,,,,,,,,,55,,,50,,,,,,,,,,20,,,,,,,,,,,,,,,,,,,,77,,,,,,,,,50,,,,,,,,,76,,,,,,,,,,,,50,,,,25,,,,,,,,,,,,50,,,,,,,,,,,,70,,,25,,,,,35,,,,79,,,,66,,,,,,,50,,,50,,,,,,,50,Black or African American,Male,Other
26,,,,8,70,50,,,,,,,,,,,,,,,,,,,,,,,,,,,,,,80,,,,,,63,,51,81,55,,,,,,,,,43,,,,,,,,,,48,,,,,,,,71,,55,,,,,67,46,,,,,,,,,,38,,8,,,,57,,,,,,,,,53,,43,,,,,,,,,,47,,,,,,,,,,,,,56,,,,,,,,,71,,,41,,34,,,,,,,,57,,,,,81,,,,,,,,,,,,,,,,,,,,85,,,,,,,,,,,,,,,,,,,75,,,,,,,,60,8,,,,,,,,,,,,,,,,,,65,,74,59,,,,51,,77,,,,,31,,,,,,,,70,,,,,86,,,,,,,,71,,,,,0,,,,34,,,,,,56,,,,,,,,,,,,18,,,,,,,,,,,,84,,Other,Female,Other
10,,,,,,,,,,,,,10,,,25,,,,,,,,90,6,,,65,,,,,,,,,,,,,83,,,,,,,79,,,,,,,,,,,,,,,,,20,,,23,,10,,,,,,,,19,,,,,,,,,,,53,,,,24,,,,,,,,,,,,,,,,,35,,,,,,,,73,,,,,,,,,,93,,,,78,,,,,66,,,,,,,,,60,,,,,,,70,,,,38,,,,,,,,,,,40,,65,,,,,,,,,,,,,,85,,,37,6,,,,,,,,,,,,,,,15,,,,,,,41,,,,,,,,,,,,,35,,,,65,,,,,,,70,,,,,45,,,24,,,,84,,,,,,,,,,,,,,,,,,,,,,,,75,,,,,,,,,,,,,,,,,,52,,22,26,,,,,,,,,Other,Male,Other
124,,,,,,,,,,,0,,,,,,,0,,,100,,,,,100,50,,,,10,,,,,,,,,,,,,,,,,,,,75,,,,,0,,0,,,,20,,,35,0,,,,,,,,,,,,,,95,,,,,5,,,,,,,,,,0,20,55,,,,,,,,10,,,,,,,,,,,,,,,,,,,,,,100,,,,,,,50,,,,,,,,100,,,,,,,,25,,,75,,,,,,,100,,,,,,10,,,,,0,,,,,,,,,,,,,,,,,,,,,,,100,,,,,,,,,,50,,,,,,,,100,,,,,,,100,,,,,,,,50,,0,,85,,100,,,,,,,,,,,,,,,,,,,,,10,,10,,,,,,,,,,65,,,,,,25,,,,,85,,,,,,,,,,,,,,,10,,,,,,,,Other,Male,Other
15,,,59,,,,7,,,,,,,,31,,82,29,,,,,,,,,,,,,,29,,,,,,,,75,36,,,,,61,61,,,,,,,,32,,,,,,,,,,,,,,,,,,,,,98,,,,,,,,,15,,,,,,12,,,,,,,31,,,,84,11,,65,28,,,,,,,40,,67,,,,,,,,81,,,,69,,25,94,,,,,,,,,,,,,,,,,,,,,,,,,,,,90,77,,,,,,,,,,,,,,,6,,,,,100,,,,,78,,,,,,,,,,74,,,,,70,,,,,,,,,,,33,,,,,,,,,,,,,,72,39,79,,,,,,,,,,,,,,,,2,,,,,,,,,,,,,,,,,,,,22,,,,,7,,,,,,,,,,,,,,,,,,,,,,,,,,,,,,,,,White,Female,Other
16,,,,,,,,,,,,,,,,,3,,,,,,24,,,,,,,,,,,,59,,,,,,,,,,,,,,,,,,,,,51,,,,,,,,,,,,,,24,,,58,,,,,,,,,,,,,,,,,,,,,39,,9,,,,,,,,,,,,,,,,,41,,,71,,44,,,,,,86,,,,,,,,,28,,,,,,,,,,60,,,,,,,,,,,,,,,,81,,,,,,,,,,,,,,56,81,,,,,,45,,66,70,,,,,,76,,,,,,,,,56,,,,,,,,,,,,,,,,,,,,,,,,,,,23,32,,,,,,,,44,22,,,30,52,,,,,,,,,,,,,,40,,,,40,,,,,35,,,,,51,,23,,,,,31,,,,,,,,,54,,,,,,,,34,,,,,,,31,,White,Female,Other
17,,,,,,,,,14,,,,,,,,,,,,,,,,19,,,,,,,,100,,,,,,,,,,,72,100,,,,18,,40,,21,,,,,0,,70,,55,,,,,,,,,,,,,,,,,71,,92,,,,,,,2,,,,,,62,,,65,30,,,,,,,,,,42,,,42,,,,,,,,,,,,,,,,,,,,,,,,,,,,,,,,,,,,,0,,,,,,,,,,,,,,,,,89,,,,,,,,,,100,,63,,,,,,,,,,,52,,,,,,,,,,,,,,,,,51,,,,,,,57,,,96,,,,,,,,,,,,91,,,,61,,,65,,,,,,,,,68,,,,,,,,,,,,54,,,,,,,,,,,,,,,,,,,,,,,,,,,,82,,,,,,,,,,,71,,,,61,,White,Female,Other
28,,,,,,,,,20,,15,,,,,,,,,,70,,,,,,65,15,,,,15,,,,,,,,,,,,,,,,,,60,30,,,,,,,35,,,,,,,,,,,,,100,20,,20,,,,,,,,85,,,,,,,,,,,,,,,,,,,,,,,,,15,,0,,,,,90,20,,20,40,,,,,,,,,,,,,,,,,,,,,,80,,,75,,,15,,,,,,,,,,100,10,,,,0,,35,10,,,,,,80,,,,,,85,,,,90,,,,,10,,75,,70,,,,,,,,,,,,,30,,65,,,,,,,,,,,80,,,,95,,,,,,60,,,,,70,,,,,,,,,,,,,,,,,,,,,,,,,,,,,,,,,,,90,20,,,,,,,70,,,,,85,70,,,,,,,,,,,,,40,,,,0,,,,White,Female,Other
36,,,,,,,,,,,39,,,94,,4,,71,,45,61,,,,,,,0,,,,20,,,,,,6,20,72,,,41,,,,,,,,,,,,,,,,,,43,,59,,,,,,,,,,,,,,62,,51,,33,,,,,8,,,,,,,,,,,,,,40,,,,,,,,,,,,,,,,,,,,,,,42,,,12,,29,,,,,,,,,,,,,,,,,,,72,,,83,,24,,,,,,,,,,,,,,,,,,,,,,,,,,,,,,,,,,,,,31,,,,,,,,62,,,,,,,,,8,,0,,,,,,,,,,,,,,51,,,,,,,,,,,,,,,,,,,,,,,,,,,,,,,,,,,,,,,,,,,,,,,,,,,85,,89,,,,,,,,,,,,,,,,,,,,,0,,,,White,Female,Other
44,,30,,,57,,,,,,,,,,,45,18,55,,,,,,,,,,,,41,34,3,,,39,38,,,,,,,,,,,12,19,,,,,,,,,,,,,,,,,,,,64,,,,6,,,,,,,,,,,,15,,,,,,,,,,,,,,,,,,,44,,8,,,59,,,,36,,95,,,,,,,,98,,,,,,13,,,,,,,42,,,79,,,,96,,,,,69,,12,,,,,,,,,,,50,,,,,,,,,,,65,67,,,,,,,,,,,,,30,,,,,,,,,,,,,,,,,,,,,,,41,,,,,20,,,,25,,,,,,,,42,,,,,,,,94,,,,,,,,,,,,,,43,40,,,,,,,,,,,,,5,,,,,,,,,,,,,,,,,,,,,,,,,,,,40,,,,,,,,,29,,White,Female,Other
86,91,,,0,,,,,,,,,,,,12,23,,,,,,,,,,,,,,51,,,,,,,,,,,,17,,,,,0,,,,,,0,,9,,,,,,31,,,24,,,98,,,,,,19,,,,,79,,,,,,,0,,,,,,,,,,,62,28,,,,,,,,,,,,,,,,,,,,,,,,,,,,,45,,,,,,100,,,,93,,,,,,,,,,,,,,,,,,,,,0,,,,,,,,,,,0,67,,,,,,,,,,,,,,100,,,,51,,,0,,,,,,22,,,91,,,,51,,36,,,,,,,,,58,,,,,,,,,,,,,,,,,,,,,,48,,,,,,,,,,,,,,,,,,,,,,,,,,,,,,,,,13,,,,,,,,,,,,,,,,,,,,,,,,,,,,,,White,Female,Other
88,,,,,,,,,,,,100,,,100,71,,,,,100,,,,,,,,,,,,,,,,53,,,70,,,88,100,,,,,,,,,,,,53,,,,,,,80,62,,,,61,,,,60,,,56,,,58,99,72,,,,,,45,,,,,,,,,,,100,69,,,80,,,,,,,,,,,,100,58,,,,76,,,,,,,,,,,,89,,,,,,,,,,,,,,,,,,0,,,,12,,78,,,51,,,,,,,,,,,,,,100,,,,,,,,,,,,,,,,,,,,,,,,,,,,,,,,,,,,,,,,,,,100,,,,,,,,,,,,,53,,,,53,,,,53,,,,,70,,,,,,,,,,,,,0,60,,,,,,,,,,0,,,,,,,,,,,71,,78,,,,,,53,,,,,,,,,,,61,,,47,,,White,Female,Other
89,,,,,,,,,,,,,,,,31,73,,,,,,,,,,,,,,,,,,,,,,,,,,,,,,45,,,34,,56,,,,,,,,,,,,31,,,,,,,,41,,,,,,,,,,,,,,20,,,54,,,,47,,,,,54,,,,,,,0,22,,,,,,,,,,,,,,,,,,50,49,49,,,40,,,,,,,,,,,,,,,,40,,50,,,,,,,,51,,,,,,,,,47,,,,,,33,,66,,61,66,51,51,,,48,,,,67,,,2,40,51,,,,,,57,,,,,,,,,,58,,,,,,,,,,,,57,,,,,,62,,40,,,,,,,,,,,54,,,,64,,,,,,,,,,21,,,,,,,,,,,40,,,,,,,,,,,,,,,,,,,,,,,,42,49,,,,,,,,,,,,,,White,Female,Other
90,,,,,,,,,,,,,,92,,,44,,,,60,,,,,,,,91,,,,51,,68,,33,29,62,60,,,,,69,,,,,,,,0,20,,,17,,,,,,,,,,0,,51,,,,,,,,,,28,,,,,33,,,,,,,,,38,,,,,,,51,,,,,,,,,,,,,,,,,,51,,,,70,,,,,81,,39,,,,,,,,51,,,58,,,,,18,,,,51,,,,,,,,,,,,,,,64,,44,70,,,,,,,,,,,,,,,,,,,60,,,,,,,,,,,,,,,,,,,,,,29,,,,,,,,,,,,,,,,,,70,,,,,,,,,,,,,,,51,,38,,,,,,,,,,,,,,,,,,,,,,,,,,,,,,,,,,,,,,,,,,,,,64,,,,51,,,,,,51,,White,Female,Other
94,100,29,,,,,,84,,,,67,,,,,100,,,,,,,,,,,,,,,,,,,,,,,100,67,,,,,,100,,,,,,,,,,,,,,72,81,,69,,,,,70,96,,,,,,,79,,,,,,,,,,,65,,,,,,,77,,,,,,,,,,,,,,,,,,,,,,,100,,100,46,,100,89,,,,,100,,95,,,,,,,,,,98,,,,10,,,,,,,,,,,,91,,,,,,,76,98,,,,,,,,,,,,,,,,,,,,,,,,,,80,,,,,,,,,,83,,68,,,100,,,,,,,,,,,,,,,,,,,,,,,,,,,,,,,,,,97,,,,,,,,,,,,,,,,,,,,,,,,,,,,,,,,,,,,,,,,,,,,,69,,,,,,,,,,,,,,,White,Female,Other
100,,,,,,,,64,,,,,,,,,,,76,,,,,62,,88,,,93,,,,,,,40,,,85,,,,,,,45,,,,,,,,,,,,,,,,,45,,,,,,,,,,,,51,88,,,,,,,,,,,,,,,,,,,,,,,,43,,,,71,,,,,,,,,,,53,,,,,,,,,,66,14,61,,,65,,,,29,,,,,,,,,,,,,,,,,,81,60,,,,,,,72,,51,,,,,92,,24,,,60,,,,,,,,,,,,,,,,,85,,,,,71,,,,,,,,,,,,,,94,,,,,,,65,60,,,,19,,,,,,,,,84,,,,,,,87,,,,44,81,,,,,82,,,,,,,,,,,,,,,,,,,,,,,,,,,,,,,,,,,,,,,,,,,,30,,,,,,,,,29,White,Female,Other
104,,,,,60,,,,,,,,,,52,,,,,51,69,50,,45,,,,,,,,,,,,,,,,,,20,,,,,39,,,,,,,,,,,14,,,,63,,,75,,,,,,,,,,,76,,,,30,,,,54,49,6,,,,,,,,,,,,,,,,,,,,,,,,,,,,,,,,,,,27,,,,,,,,,,100,,,,,,64,95,,44,,,,,0,,,,,,,,,,,,,,,,,,,,,,,,,,40,,,,,,83,,,,,,,100,,,85,,,,,,,,,,,,,,,,,,49,,,,,,,,,,,,,,68,,,53,,,,79,,,,,,,94,,,,,,,,,,,,,,,,,,,,,,,,,,,,,,,36,,,,,40,,,,,,,56,,,,,,70,,,,,61,96,,,,,,,,,,,,White,Female,Other
118,,,,,,,,,0,,0,,0,,,,,0,,,,,,,,,,0,100,,,,,,,,,,,0,,,,36,,,,,,,,,,,,,,21,,,0,,99,,,,,,,,,,,,,,,14,,,,,,100,,,,,,,,,,,0,0,,,,,,,,,,,0,,,,,,,,,,,,,,,,,,,,,,,,,,,,,,,100,,,,,,,0,,,,,,,0,0,,0,,,0,,,,,,,,,,,,,,,,0,,,,,,,,,,,,0,,,100,,,,,39,,,,22,,,,,,,,,,,,,,,,,,79,0,,,,,,,,,0,,,,,,,,,,,,,,0,0,,,72,,,,0,,,,,,,,,,,,,,72,,,,,,,,,,,,,,,,,,,,,,,,4,,,,,,,,,,,,,,White,Female,Other
122,,,,,,,,,,,,,,,,,,,,,,,,,,,,100,,,,,,,,,,,,,0,,,,,,,,,,,,,,,,,,,,,,,,,,,,,,,,,,0,100,,,,,,,,,,,,,,,,,,,,,,,,,,,,,100,,,,,,,,,100,,,,,100,,,,,,,,,,,,,,,,,,,,,,,100,,,,,,,,,,,,,,,,,,,,,,100,,,,,,,,,100,,,,,,,,,,,,,100,,,,,,,0,100,,,,,,,,,,,,,,,,,,,,,,,,,,,0,,,,,,,,0,,,,,,,,,,,,,,,,,,,,,,,,,,,,,,,,,,,,,,,,,,,,,,,,,,,,,,,,,,,,,,,,,82,,100,0,,,White,Female,Other
142,100,,30,60,30,,,60,,,,,,,,,60,,,,,,,70,10,,70,,,,,,,,,,,,,,,20,,,,10,,,,,60,,,10,,,30,,,,,,,,,60,,,,,,,,,,70,,,,,20,,,,,,,,,,,10,,,60,80,,,,,,,,60,,,,,,10,,,,,,,,,70,,60,,,70,30,,,,,,,,,,,,,,,,,,,80,30,,100,,10,60,,,,,,,,,,,,,,,,,,,,,60,,,,,,,,,,,,,70,,,,60,,,,,,70,,,,,,,,30,,,20,60,,20,,,,,,,,,,,,,,,,,,60,,,,,,,,,,,60,,,,,,,,,,,,,,,,,,,,,,,,,,,20,,,,,0,,,,,,10,,,,,,,,,,,,10,,,,10,,10,,,,,,,White,Female,Other
162,,,,,,,,0,,10,,,0,92,,,,,,,,,,,,,,,,,,,,,,,,,,,2,,,,14,,,,,,,,,,,,,0,,,,,,,,8,,,,,,,,,0,,,,24,21,,,,,,,,2,,,,,,,,52,,35,,,,,,,26,,,,,,,,,,5,,,,,,8,,75,,,,,,,,,,,,,,,,,11,,,,,,,,,,,,,,,,,,,,,,,,,,,,,,,15,36,,,,,,,,,,,,,,0,,,,,,,0,,26,,,,,,,,,,,,,,0,,,,,,,,,,,,0,,,,,,,,,,,,83,0,,,,,,,,,,14,,,,,,,,,,,,,,,,0,,54,,,,,,,,68,,,,,,,25,,,,,,,,,,,,,,,,,,,22,42,,,White,Female,Other
166,,,,,40,,,,0,19,,,,,,,,,,,,,,,,,,,,,,,,21,,,64,5,,,,,97,41,,,,,,68,,,,,,,10,,,,,34,,100,,,,,,,86,,,,,,,12,,,,,,31,,,,,,15,,,,,,,,,,,,,,,,,,,,,,43,,,,,,,,,,,,,,,77,,25,59,90,,,,80,,99,,,,,,,59,,,,,,67,,29,,,,,,,,,,,,,,,,,,,,,,0,,,74,,,,,,,,,,,,,,60,,,,,,,,,,,,,,,,,72,,,,,,,,,,,,,,,,53,,,,,,,,,,,,,,,,,,0,54,,,83,,,,,,,,,,,,,,,,,,0,,,,,22,,,,15,,,,,,,,,,,,,,,,,,,,,,,,,,,White,Female,Other
176,93,,,0,8,,,,1,,,,,,,,,,60,,,,,,39,,,,,,,,,,,,,59,100,,,,,,,11,,,,,,92,,10,59,,,,,,,,,,,,,,,,,,,,,,,,,,,,,,58,,,,,,32,,,,41,,,,,,,,,,,9,,,,,,,,,,,,,,,,,100,,,,,,,,,,,,,,,,0,,,,,,,,,,,,,,,,,,,,,,0,,,,,,100,,,,,,,,81,,,,,,,,,,1,0,,,,,,62,,63,,,,,,,,,,,,,,0,,,,,,,,,,,80,,,,,,,,,,,,,,,,,30,,31,,,,,,,,,,19,,,,,,,,,,,,,,86,,,,,,,,71,,,,,,,,,,,,,,,,,,,,,,,,,,,,,,White,Female,Other
185,,,,,4,,,34,11,,,65,45,,,,,,,,,,,,,92,,,,,,,,,,,,,,,,,,,,,31,,,,40,,,55,,56,,,,,,,,,,,,,,,83,,,,61,,,,,,,,,,,,,,,,,,0,,,,,,,,,,,,,,,,,,,,,,,,74,,,,,,,,,,,,32,,,,,,48,,,,,,,,,,,21,,,,,,,,,,,,79,,,,,,,,,,,,,,52,,78,,,,,,,,80,93,,,88,,,,,,,73,,,,85,,,,,,,,,,,,,77,,91,,,,,73,,,,,,,,26,,,,,,,,,10,,,,,,35,,,,,,,,59,,45,,,62,66,,,,,,,,,,0,,,,,,,,,,,,,,,,,,,,,,96,,71,,,,,,,,,,,,White,Female,Other
192,,0,,0,70,,,,,,,,,51,,0,,,,,,,,,,,,0,,,,,,,,50,0,,,,,,,,,,,0,,,,,70,0,,30,,,,,,,,,,,0,,,,,,,,,81,,0,,,,,,,,,,,,,,,0,,,,0,,,,,,0,,,0,,,50,,,,,,,,,,0,0,25,,,,,,,,,,,,,,,,50,,0,,,,,,,,,,,,10,0,,,,,,,,70,0,,,,,,,20,,,,,,,,,,,,95,,,,75,,0,,,,,,0,,,,,,,,,,,,,,,,,,,,61,,,5,,0,,60,,,,,,,,,,,,,,,,,,,,,,,,0,,,,,,,,,,,,20,,,,,,,,,,,,,0,,,,,,,,,10,,,,,,,,,,,,,,,,,51,,,,60,,White,Female,Other
199,69,,,,,71,,,,,,,,,,,,76,75,,,51,71,,,,,,,,,,,,,,,,64,78,,51,,,66,,,41,,,,74,,,,,,,,,,,,87,,,,71,,,,68,,,,,,,,,,51,,,,,,,,,,,,,,16,,,,,51,,,,,,61,,,,,,,,,,,,,,68,,,,,51,,,,,,,,,51,,,,73,,,,,,7,,42,51,,,,,,,,,,72,,,,,,,,,,,,,,,,,,,60,,,,,56,,,,,67,,70,,,,,,,,,,,,,,,,,,,,54,,,,,,,,,,51,,75,,,,,,,,,,,,,,,,,,,,,,,,,,,,,,73,,,,,,,,,,,,,,,,,,,51,,,,,,,,,,,,,,,,,,,,,,,,,,,,,,White,Female,Other
203,70,,34,,,,,,,12,,,,81,,,,,,25,,,,,,,,,,,,46,30,,,,,,,,,,,,,,,,,,,,94,,14,,,,,,,,,,,,,,4,,,,50,,,,,,,,,,,,,,,,,,,,,,,60,,,,,,,,,,15,,,,,,,5,,41,,,,,,,,,,,,,75,,,76,,,,59,,,,,,,,10,29,,,,,,,,,,,,,,86,,54,,,,,,,85,,,20,,,,,,10,,,,,56,,,57,,,58,,,,,,,66,,,,,,12,,,,,,,,,,,,,,,,,30,,80,,,,,,,6,,,,,,,,,,,,,,,,,,,,,,10,,82,,66,,8,,,,,,,,,75,,,,,,5,,72,,,,,,,68,90,,,,,,,,,,,,,,,65,,,,,,White,Female,Other
8,94,,,,,,,,,,66,,24,,,,,68,,,,,,,66,,,,,,,,,70,86,,62,,83,65,85,,,,,,,,,,58,,,,,,,,,,,,,84,,,,,,,85,,,,,94,,,,,,,,,,,,,82,54,,,,,,,,,,,,,,,,77,,69,,,,,70,,,,69,,,,,,,91,,,,,,,,73,,,78,,,76,66,,,,,,,,,,,,,,,,,,,,,,,,,88,,,93,,,67,94,84,,,,,,,95,90,90,,,,,,,,,,,,,,,,,,,82,,,,75,,,,,,,,,,,,,,,,,,,75,,80,,,,,,,,90,,,84,63,,,,,,,,,,,,30,,,,,,,,,,,,,,,,,,,,,,74,,,,,,74,,,,,,,,,,,,,,,,,,,,74,70,,White,Male,Other
9,77,,,,,,,,,3,,,,100,0,,,,,,,,,,,,6,,,,,0,,,,,,3,,,,17,,,,,,,,,,7,,,30,,,,,,,,,100,,,,5,,,,,,,,60,,,,,,,,,,,,58,7,,1,,,,,,,,,,100,,,,,,,,,,,,,,,,,6,,,,99,,,,,97,,,,,92,,,,,,,11,,,,,,,,,,,45,,,69,,,,,,,,,,,,,,0,,78,8,,,,,,,,,,,,,2,,,72,,0,,,,,100,,,,,,,,,,,,15,,,,,,,,,,,,,,,,10,,,,,,,,,,,,,,,,,,,,,,,,,,,78,,,,13,,,,,,,,,,,,,,72,,,,,,,,,,,,,,,,,,28,,,10,63,,,,,,,,,,,,White,Male,Other
30,,,,,,,44,,,,,,,,,,,,,,68,,,,0,,0,0,84,,,,,15,,,,,,,,,,,,,,0,0,,,,,,,,,,,,,,,,,,,,,,,,,39,,,,,,10,,,,,,,,,,0,5,,12,,,,,,,,,,,,25,,,,0,,,,0,,,,,,24,,,,91,,,,,0,,,,,,,,,,,,,,,,,,0,54,,,,,,59,,,,,,65,,,,,,,,,,72,,,,50,,,79,,,,71,,,,,51,,64,,,,,,,,,,,,,40,,,,,,,,,,,,,,,,,0,,,,,,,,,,27,,,,,,,45,,,39,,,,,,,,,,,79,0,,,,,,,,,50,,7,,,,,,,,,10,,,,,,,,61,,,,,,,,,,,,,,,,,,,,,,,White,Male,Other
32,,,,,70,100,,70,,,,,,,,,,,70,,,80,,,,,,70,,80,,,,,,,,,,,,,,,,,,,60,,,,,70,70,,,,,,70,70,,,,,,,77,,,,,,,,,,70,,,0,,,,,,95,,,,,,,,,,70,,,,,,70,,,,,,,,,,85,,,,,,,,90,,95,,,,,,,,,,,,,,,30,,80,,,80,,,,80,,,,,,,,,,,,90,,,,,45,,,,,,,,,,20,,,0,,,,,,,81,,,,,,,,90,,80,,,,81,,80,,,,,,,,,,,,,,,,,,85,,,,,90,,,,,,,,,,,,,,,,,,,,,,,,40,,0,,,,,,75,,,,,,,,,,,,,,,,,,,,,,,,,,,,,,,,,,,,,,,95,,,,,White,Male,Other
34,,,,,,,,,,,20,,,,,,,,,,,,30,,,,,93,,,,,,,,,20,,,,100,,,,,,,,,10,,,,,67,,,,72,,,,,,,,,,,,,,,,,100,,,100,,,,,,55,,,,70,,,,28,,0,,,,,,,,,,,,,,,,,,,,,100,,,90,,,,,,,,,19,,100,,,,,,,,,,,,,,,,,,,,,,,,70,,,,,,,18,,,,,,,71,,,,,,,,,,,,,,,,,,,,,,,,0,,,,,40,,,,,,,,,,,,,,,,,,,,,,91,,,,,,,91,,,,,,90,,,,,,,,,,,,,,,,,,,,,,57,,,,,,,,,,,,,,,,,,,,,,,,,,,,,,,,,61,,,,75,,,0,,,,,,White,Male,Other
39,0,,62,,,,,,,,,,,75,,,,,,,,,,,,,,,,62,61,,,,,,,5,,,,,,,,,,,,,,,,0,31,,,,,,36,,,100,,,,,,,,,,,,,,,,,,,,,,,,,,,,,,,,,78,,,,,,,,66,,,,,,,65,,,,,,,62,,,,87,,,,,,,,,,,,,,,,,74,,,,0,,,,,,,,,,,,0,61,,,,,,,,,,,58,,,,,,,,,,,60,,,,,,,,,0,,,,,,,,,,,,,,,,,65,,,60,,,,63,,,22,73,,83,,,,,,,,,,,,,,,42,,,,,61,,,,,,,,,,,,0,13,,,,,,,,,,,,,23,,,62,,32,73,,,,6,,,,,,,,,60,,,,,,,16,,,,,63,0,,,,White,Male,Other
47,82,,,,,,,,,,,,,,,,,,61,,,,,,,,,,,63,,18,,,,,,,,,,,,,,,,,,,,,,,,,,,,,,,,,,70,39,,,,,62,65,,,,62,,,40,,,,,,,,44,,,,,,,,,,,,,0,,,39,,,,,,,,,,,48,72,,,,,,,,,,38,,,,,,67,,,,,,,,62,,,65,,,71,,0,,,,,,,,62,,73,,,,,,78,,,,,,33,,30,,19,,,,33,97,,,,,,,,,,,,,,,,,,40,,64,,,,,,,,,,,,,,,,,,,,,,,33,,,,,,,,,,,,,,,,,,,,58,,,,63,37,,,,,,,,,,,,58,,,,,,62,,,,,,,,,41,,,66,37,,,,,,,,65,,,,,,,,,,,,,,White,Male,Other
53,,,,,,,,56,49,45,,76,,,,,,,,,,,,,,,,,,,,,,,,,,,,,,,,,,,,,,,47,,51,,,37,,,,,,,,,51,,,47,,,,49,,,,,,,,51,,,,,,,,,,,,,,,,,,,,,,,,,,49,,,,,,,,,62,84,,,,,,,57,86,,,,,,63,70,81,,,,,54,,,,,,,40,,,51,,,,,,,,,86,25,85,,58,,,,,,,,,,,,,,,,,55,,,,,,,,,,,46,,,,,,,,,,,,,,,,,,,,62,,,,,,,,,,,,10,,,,51,,,51,,,,,,,49,,,,,,,,,,53,,,,,,,,,,,,,,,,,,,,17,,,,,,,68,48,,,,,,,,,,,,,,,,,47,,,,,,51,19,,,,White,Male,Other
54,,10,,,,,10,,,15,10,16,,,1,,,10,,,,,,,,,9,,,,10,10,,,,,,10,,,,,,,,10,,,,,,,,7,,,,,,,,,,10,,,10,,,,50,,,,,,,,,,,,,,,,,,10,,,,,,,,,,,,,20,,,,,,,,,,,,,,,,,,,,,,,,,,,,,,,,,,,,,10,,,,,,,,,,,,,,30,,,,,,,70,,,,,,,,30,,0,,,,,,30,,,,,,,,,,,70,,,,,,,,,,,,,16,,,,,,,0,,,,,,,,,,,,,,,,,,,,,,,20,,,,10,,,0,,,20,,10,,,,,,,,,,50,,,,,,,,,,,,,,,,,,,,,20,,,,,,,,,,,,,,,,,,,,,,60,,,,,White,Male,Other
60,,,,,,,,,,,,,0,,,20,,,,,33,,,,0,,,,,,0,,74,,,,34,,,70,,40,62,16,80,28,,0,,,,,,,,,26,,,,,26,,,,,,,,,,33,,,,,,,,10,,,,,,0,0,,,,,,,,,,100,,,,,,,,,,,,,,,,,,,,,,,,,,,,,,,,,,,,,,,,,,,,,,,,,,,,,0,,,,,61,,,,,,,,,,,,,66,,,,,,,,,,,,,,,,,,,,,,,30,,,,,,,,,,,,,57,,38,,,,,,,,72,,,,,,,,0,0,,,,,,,,,,,,,,,,,,,,,,,,,,,,,,,,,,,,40,,,33,,,,58,,,,36,,,41,,,,,,,,,,,,,,,,,,,,,,,,,,62,White,Male,Other
61,,,,,,,,,,,,,,90,,,,,,,,,,,,,,,,,,,48,,30,2,,,,,,,19,,,,,,,,2,2,100,,,,,1,,,,,,,,,,,25,,,,,,,80,,1,,,,,,,,,,,,,,,,,,0,,,,,1,,,18,,,,,,,,,,,51,,,53,,,,48,,,,0,,,,,52,,,,,,,,29,,,,,,,,,0,,,,1,,,,,,,95,,,,,,,,53,,,48,,,,,,,,,,,,,,,,,,,,,,,,54,,,55,,,,,,,,,,,66,,,,,,,,,,,,,,,,,,82,,,,,,,,,,,,,,,,,,,,,,,,,,,,,,,,,,,52,,,,,48,,,51,,,,,,,,,,,,,,,,,,,,,,,,,,29,,,,,White,Male,Other
66,,,,,,,,,,0,55,,,,60,40,85,,,,,,,,,,,,,,,,,,,,40,,,,,60,,,80,,,,20,,,,100,55,,,,,60,,,,,,70,,,,,,,,,,,,55,,,,,,,70,,,,85,,,,,,85,,,90,,,55,,80,10,,,,,,,,,,,,,,,,,100,,,,,,,80,,,,55,,,,90,,,,,,30,,,,,,,,,75,,,,,,80,,45,,,,,,60,,,,,,,,,,0,,,,,,,,,,,,,90,,,60,55,,,100,,,,,60,,,55,,,,,,,,,,,,,,,,,60,,,,,45,70,,70,,,,,,80,,,,,,80,,,,,,,,,60,,,10,,,,,,80,,,55,,,,0,,,,,55,,,,,,,,,,,,,,,,,,,,,,,,,,,,,,,White,Male,Other
68,,,,,,,,,,,,,,,,15,,,,,,40,20,,15,,,,,,,10,,35,,,,,,70,,,30,,,,,,,,,,,25,,,,,,,,,,,,,,,10,20,70,,,,,,,,,,,75,,15,,,,,,,,,,40,15,,60,,,,,,,,20,10,,,,,,,,,,,,,,,,20,,50,,,,,,,,,,,,,,,,,,,,50,,,,,30,,,,,,,,,,,,,,,,,,,,,,,,,,,,,,,,,,,,,,25,,,30,,,40,,,,,,,,,,,,,,,,,,,,,,,,,,,,,,,,,,,,,,,,,,,,,,,,,,,,50,,,50,,,,,,,,,,,,20,,,,,,,,,,,,,,,,55,,,,,,,,,,,,,,,,,,,,,,,,White,Male,Other
73,60,,10,,,,,,,,,,,93,34,6,,,,58,,17,,,,61,,,,68,,15,,33,,,34,,,,95,,42,,,,,,14,,6,40,99,,,,,,,38,,,,,,,,,,,,12,,,,,,,,,,,,,60,,,,37,,,19,,35,31,,,,,,,,,,31,,,,,,,,,,,91,42,,,,,45,73,,14,,,,,31,,,,,,,,,,,38,,,,,,,,38,,,,66,22,,,,,,,,,,42,,,,,,,19,,,69,,,,,34,,,,,,,,,74,,,,,,,,,,,,,,,,,,,4,,,,,,,,,,,,,,,,,,53,,,,,,,19,,,,,,,,,,,,,,,,,,,,,,,,,,,,,,,,,,,,37,,,,,,44,,,,,,,26,,,,,28,,,81,,,,,60,,,,,,White,Male,Other
80,,,,,34,,,29,,,,,,96,,,,,,58,,,,,,,,8,,,,16,,,,,,,,,73,,,64,,24,,,,,,59,,,,,,19,,,,,,,29,,20,,,,100,,,30,,89,,,,,,,,,60,4,,,,,,,,,,32,,,,,,,20,40,,18,,,,,,,,92,58,,,,,,,61,,,,,,,,,,,,,,,,,,82,,,,,,,,,,,,,61,,,91,,64,,,,,,,,,,,,,,,,37,51,,,,,77,,,,,,39,,,,,,,,,,,,,,,,,,,,,,,,32,,,,,,,,,,,,,,,,,,,,,,,,,,,,,,,,9,,28,,,,,,,75,,,,,,40,,,,,,,,,,63,,,,,,,,,,,,,,,,,,,,,,,,,63,,,,,,,,White,Male,Other
82,,,,,,,,,,,,,,,,,62,,,,,,,,,72,,,,,,,,,,74,,,63,,,,,,69,,,,8,,50,,,,,,,,,,,,,,,,,60,57,,94,,,,,,,,,,,,,,,,,,21,,,,,25,,,,,,,,,,,,,,,,,,51,,,,,,61,,,,,,,,,,,61,,,,,,,,,,,,,,,,,,,,,57,,,,,,,,,,,,,,,,,,,7,,,,,,,73,,,,,,,,,,,,,,,,,,,,,,,,,,,,,,,,37,,,,62,,,,,,,,,,,,61,51,,73,,41,,39,,,,,67,,,,62,,,,,,,,,,,,,,,,,,,,,,,,,,,,,,,,,62,,,,,37,,,,,,,,,,,,,,,,70,,,,,,White,Male,Other
98,,,,,,,,,20,,,,,,60,,,,,,70,,,,,,,,,,,,,,,60,,,,,,50,,,,,,,,,,,,,,,,,,,40,,,,,,,,,,100,50,,,65,,,,,75,,,,,,,,,80,,,30,,,,40,50,,,,,70,,40,,50,50,,,50,,,,,,,,,,50,,,,,10,,,,,,,,,,,,70,75,,80,50,,,,,,,,,,,,,,,,40,,,,0,,,,,,,,,,,80,,,,,,,,,,,,,,,,50,,50,,,,,,,,,,,,,,,,,,,,,,,,,,,,,70,,,,,,50,60,,50,,,90,,,,,90,,,,,,,,,60,,,,,,,,,60,,,,,,,,50,,0,60,60,,,,,50,,,,,,,,,,,,,,,,,,,,,,,,,,,,,White,Male,Other
105,,,,,,84,,,,,,,,,,28,59,,,,,,,,,,66,,,,6,,,,,100,,,91,,,,,88,,,,,,,,,,,,36,,6,,,56,,,0,,,,,,,,,,,,,,0,,78,,,,,,12,,,,,,,,,,100,,73,,75,,,,,,,,,,,,,,,,,,92,,,,,,,,,,,,,,,,,,,100,,,,,,,,10,,,,,,,,,,,68,0,,,100,,,,,,,,79,,,,,,,,,,,,,,,5,,,,80,73,,,,,,,,,,,80,,,,,,,,5,,,,,,,,65,,,,,,,,,,16,,89,,,,,,,,,100,,,,,,,,,,,,,,,,,,,,,,,,,,,,,,,,,41,,,,,,,,,,81,,,,97,,,,,,,,,,,,,,,,,White,Male,Other
107,,,,,,,,,,,,63,71,90,40,66,,59,,,60,,,,,,,,,68,,,,,,,,,,,,,,52,,,,,14,,,42,,,,2,,,,,63,,,,,,,88,,42,,,,,,,,,,,,,,,31,22,,,,,,,,,,,,,,,,,,,,,,,,,,,,,40,,,,,53,,,,,,45,,,,,,,,,,,,,,23,,,,,,,,,,,,,43,,,,,,,,,,,92,,,,,,46,45,,46,0,,,,,,,,,94,,,,,,,,,,,,62,,,,,,,,,65,,,,,,,,,,,75,,,,,,,,,,,,,,,,,,,,,,,,56,,,5,,,,47,,,,,38,,,,,,,,,,,,,,,,,,7,59,,,,,,,,,75,,,,,,,,,97,,,,,,72,,,,,,White,Male,Other
117,,,,,,,,,37,,29,85,,,,,,35,0,,,,,,,80,,15,,,50,,,,,,,,,,,27,,,,,,,,,,,,,25,26,,,,,20,,,,,,20,,,80,,36,,,,,,,,,,,,,,,,,,,32,,,,39,6,60,,,,,,27,,,,14,26,,,,16,,,,,,,,,,,,83,,,72,0,,,,,,20,,,,,,,,70,,,,,,0,,,,,,,,,0,,,,,,,,,,,75,,40,,,,,,,,,,,,,82,,,,,65,,,,,,,,,,,,,,,,,,,80,,11,,,,,,,,,,,,,,,,,,,,67,,,,,,,,,22,69,,,,,,38,,,20,,,,,,10,,,,,,,,,,,,,,57,,,,,,,,,,,,,28,58,,,,,,,58,11,,,,66,,,,,,White,Male,Other
119,65,5,,,,15,20,,,,,,,,,5,,5,5,,,,,,,,,,,,,,20,,,,,,,,,,,,,,,15,,,,,,,,,,,,,,5,,,,,,,,,,,,,,90,,,5,,,,,15,,,,,,,,,5,,15,,,,,,,60,,,,5,,10,,,,,,,,97,,,70,,60,,,,,,,,,,,,,30,45,,,,,,,70,,35,,,10,,,20,,,,,,,,,55,,,,,,,,,,,,,,,15,,,,,,,,,,55,,,,,,,40,,,,,,,,,,,,,,,,,,,,,,,,,,,,85,,,,,,,,,,,,45,,,,,,10,,60,,,,,,,,,,,,,,,,,,,,,,,5,,,,,2,,,,,,,,,,,,55,,,,,,,,,,,,,,,,,15,,,,White,Male,Other
123,,51,,35,42,,66,,,,,,74,,,,,,,,,,,,,100,,63,,,,,,,,,,,76,,,,,,,,,51,,,,,51,,,,,,,,,,,,,,86,,,,,,,,,,,,,41,,,,,,,,60,,,,,,,,,,,,,,,,,,,,,,,,,,,,62,,,,,13,,89,,,78,,,,,,,,,,,21,,,,,,,,,,,,,,,,,,,,,,,,0,,,,,,,,,,55,,,,,,,,,,,,,,,,,,,,,,,51,,,,,,,,,,,,,,,,,,,,,,,,,,,,,24,,,,55,,,,,,,,,,78,,,,,,,,,36,,,,,,,,,,,,,,,,,,0,,,,,,,,,,,,,,,59,,,,,,,,,80,,,,,,,,,,,,White,Male,Other
132,100,,,,,92,,,,0,2,,,,,,,,1,,,,,97,,,,,,,,,,,81,,30,,,,69,,62,,,,,,,,,,,,,,,,,,,,,,,,,,,,,,,,,89,,,,,,86,,,,,,,81,,,,,,,,,57,,,84,,0,,,,,,,51,,,,93,,,,,,,,100,,,,,,,73,,,,,,95,,,71,,,,,72,,,,,,,,,,,,,,,,,,,,,,,,,,,82,,,,35,,,,,,,,93,,74,,,,62,,,,,,,,,,,,,,,,,,,,28,,,,94,,71,,,,,,,,,,71,,,36,,,78,,,,,,,,,,,,,18,,,,,,0,,,78,,,,,71,,,,,,,,,,70,,,,,,,,,,,,93,,,,95,66,,,,82,,,,,,81,,,10,,,White,Male,Other
133,,35,,,,,,20,,,,,,,27,,,,,,,,,,,,,,,,30,,45,56,,,,35,,,,,,,,,50,10,14,,,,60,,,,,,,,,,,,25,,,,,,,,,,,,,,,,,,,,,,,,,,,,,,,,,,,,,,7,,,,,,,,,,,,,,,,,,,,,,,,,,,,,,,,,,,,,,,,,,,,,,,65,,,,,,,45,,,,,,,,,,,,,,,,,,,51,,,,90,,,,60,55,,,,,,,,,,,,,,,,,,,,,,,,,,,,,,75,,,,,,,,,,74,,,,,,,,,,,,,,,,,60,,,,,,,,,,,,,,,,,,,,40,,,,,,,,50,,,,,,,,,,,,,75,,,,,,,,,,,,,,,,,White,Male,Other
138,,,,,65,,,,,,,,,,,,,,,,,51,,,,,,,90,,,,,,,,,,,,,,,,,,,,,,,,,,,,,,,,,61,,75,,,5,27,23,,,,51,67,76,,,,61,,,,,,74,,,90,,,51,,10,,,,,,,,80,,,,,51,,,,,,,,,,,,,100,,,,,,,,,35,,,,,,54,26,,,77,,,,60,,,,,,,71,,,,,,,,24,,65,,5,,,,,,100,,70,,,,,31,,64,,,,,40,,,,,,,,,,,4,,,,,,,,,,,,,,,,,,,,,43,,,,,,,,,,,,,64,4,,,,,,,,,,,25,,,,,,,15,,,,,,,,,16,,,,,,25,,,,,,,85,,,27,,,,,,,23,,,,,,,,,75,,,,,,,,,,50,,,57,White,Male,Other
140,,10,,,,78,,,8,,5,,,,,,,,,10,,,,,,,,,95,60,,,50,,,,,,80,,56,,18,3,,,,80,,70,6,,,,,,,,,,,,,,,,,,,,,,,,41,,,,32,,,,,,,9,,63,,5,,,,,,,,,,,,,,62,,,,,,,,,,,,,,,,,,,,,,21,14,55,35,,,,,,,,,,,,,88,70,,,,8,,,,,,,,22,,39,95,,77,,,,,,,,,67,,,,,,,,,,97,,,,,,,,83,,,,,,,,6,,,,,,,,,,,,41,,,,,,,,,,,,,,,,,,,,18,,,,,,,3,,,,30,,,,,,,,,,,,,90,,,,,,,,,,,,,,86,,,,6,,80,,,,,,,,,,,,,,,,,,,,,,,54,,,,,,White,Male,Other
144,,,,,,,,,,,,,,,,,,,,,,,,,,65,11,,,,,,,30,,,,,90,,,,,,,,,,,,,,,,25,,,,,60,,,,,,,,,,,,,,,,,,,14,70,,55,,50,,,,55,,,,,,,,,,,,,,60,,,,,,45,,,,,30,,45,100,,,,,,95,,,,,,19,,,,,,,,,,,40,,,,,,,10,,,,,,,45,,,,,,,,,,,,,,,,,50,,,,,,,,25,,,,,,,,,,,,,20,,,,,,,,60,,,,,,,,,,,,,,,59,,,,,,,,,,3,,,,,,,,,,,,95,,,,,,,,,,85,,,,,,,,,,,,,,30,,,,,,70,,,,,,,,,,,,,,,,,,,,,,,,,,,,,,,,49,,White,Male,Other
147,,,61,,,,0,40,,,,,29,,,,,,30,53,,,,,20,,,,,72,40,,,,,,,,,,,,,92,,,,,,,,,,,,,,,,,,,,,,,,,,,,,,,,,,,,,,,,,82,,,,,,,,,,,,92,,,,,,,,,,56,,,,,,,,,,,,,49,,,,,,56,,0,,,,,80,,,,,,,,,,,,,,,,,60,,,,,,,,,,,,,,87,,,61,,,,,,,,,,,,,,,,,,,,,100,,,,,,,,,,,,91,,,,,,,,,,,,71,,,,,30,,82,,,,,,,,,,,,,,,,,,50,67,,,,,,,,81,,,,,,,,,,,,,,,,,,,,,,,,,,,,,,,,,,,,,,,,,,,,,,,,,71,,,52,,White,Male,Other
151,,,0,,,,,0,,0,,,,40,,,,0,,,,,,,0,,,,0,,,,,,,,,,,,,,,,,,20,,0,0,,,,,,,0,,,35,,,,,,0,,,30,,,,,,,,,,,,,,,,19,,,,,,,,,,,20,,,,,,65,,25,,,,,,,,0,,,,,,71,,,,,,,,20,,,,,,,,,,,,,,,,,,,,,,,,,,,33,,,,,40,,,0,,,25,20,,,,,,,,0,,,,,,,,,,,,,,,,36,,,,25,,,,,37,,53,,,,,,,,,,,,,,,,,,,24,0,,,,,,,25,,,28,,,,22,,,,,,,,,,,,0,,,,,,0,,,,,,,,,,,,,,,,,20,34,,,,,0,,,,,,,,,,,,,,6,,,,,24,,0,,,,White,Male,Other
152,,,,,,,,,18,0,,,,,,7,,,,,,,,,,94,,,,,,,,,,,4,,,,,,,,,,,,,,,,,,,,,,,,,28,,88,,,,,,,,,,,59,,,,21,,,,,,,,,,,8,,,,,,,,70,,,,72,11,,15,,,,,,,,,,,,,,,,,,,,,,,,,,,,,,,,46,,,,,,,33,,,,,,,,,69,,,,,,85,,,,,,,,,,,,,,,,61,,,,,,,,67,,,,,,,,,,,,,,,,,,,,,,,,,,,,,,,,42,,,,,,,,,,,,,,,,,,,,,,,,,,,,,,,,,32,,,,,,,,,,,,,,,,,,,,,,,,,,,,,66,,,,,,,,,,,,,,,,,,,,,,,White,Male,Other
153,,,,,69,,,,,,,,,,,,,,,,,,,,,,,,,74,,,,,,,,17,,,,,,,79,,,,,31,,,,,,79,,,,,,,,,,,,16,,,,,76,,74,40,,,,,31,,,,,,,,,,,75,,,,71,,,,,,,75,,,,,,,,,62,,,,,25,,,,,,,19,,,,,,69,,21,,35,,,,,,,,67,,,,56,,,,,13,,,,,,,80,,,,,,,,28,,,,,15,,,,,,,,,,,,82,74,,,,,,,,,38,,,71,,,,,,,,,,,,,,,,,71,,,,,31,,,75,,33,,,,,,,,,,,,,66,,,,,,,,80,,,,,,,,,,22,,31,,,,,,,,,,,,60,,,,,,,,,,,,,65,,,22,73,,,,,,,,,,,,,,80,White,Male,Other
157,,,,,,,,,,,,95,,,,,,,,,,,,,,70,,,,,,,,,56,,,,,,,,,55,,,,74,,,,,,,,,,,,88,,,,,,,,,,,,,,,,,,,,,,,,,,,,,,,,,,,,16,,,,,,,,,,,,,,,,,,,,,,,,,,81,,,,,,,,,,,,,,,,,,,,,,,,,,,,,,,,,,,24,,,90,,80,,,,,,100,,,,,,,73,,,,,,,,,,,,,,30,,,,,,,,90,,,,,,,,,,,30,,,,,,,,,,,,,,,,,,,,,,,,,,20,,,,,,,,,,,,,,,,,,,,64,,87,61,,,,,,,,,,,,,,81,,,,,,35,,,,,,,,,,,,,,,,,,,,,,,White,Male,Other
175,,,,,,,,,,,,,,28,,,,15,,,62,,,,39,85,,,,,,,35,,,,,,,,30,,,,,,,20,,,,,,,,,,22,20,,10,,,,,,15,,,,,,,,,,,,,,,,0,,,,,,30,,,,,,,,,,,,,75,,,,,,,,5,,,,,10,,,55,,,,,,90,,,,,48,,,,5,,,,,,,,,,,,,,,,,55,55,,,,,,,,,,,,,,,,59,,,,,,0,0,60,,60,,,65,,,,,,,3,,,,,,,,,,,55,,,,,,,,,,,,55,,45,,,,,,,,,,,,,,,,,,,,,10,,,,80,28,,,,,,,,,,,,,,,,55,,64,,,,,3,,,,,,60,,,,90,,,,80,,,,,,,,67,,,,,,,,,,,,70,,,55,,White,Male,Other
180,,,,,,,,,,75,53,89,,,,,10,,,,,,,,,,85,,,100,,,,,,,,,,,,,,,70,,,,,,,,100,,,,,,25,,82,,,,,,,,,,94,,,25,,,,70,,,72,,,,,35,75,100,,,,,,,,,,,,,,77,,87,,,,,,,,,,,,,,99,,,,,,,52,,,0,32,,,,,,,,,,,,,,,76,,60,,,,,,,,,,,,,,,0,81,,,,,,,,,75,,,,,,,,,,,,,,,,,,,50,0,,,,,,,,,,,,,,67,70,,,,,,,,,,,,,100,,,,96,,93,,,,,,52,,98,,,,,,,,,,,75,,100,,,,,,,,,,,,,,,,,,,,,,,,,,,,,,,,,,,,,,,,,52,,,,,,,,,,,74,,White,Male,Other
187,,,,,,,0,,,,,,,,,,5,,,60,,,,,,,0,,,,,10,,,,,,,,,,,60,,,,50,,30,40,,,,30,,,,,,,,60,,95,,,,,,,,,,,,100,,,,,,70,,,,,,,,,,,,,,,60,,,,,,,,,,,,,,,,,,80,,,,,,,,,,,0,,,,,,90,,,,,85,,,,,90,,,0,,,,,,,,,,,,10,,,,,,,,,,,,,,,,,,,,,,,,,,,,90,,,,,,,,80,,,,,,,,,,,,,,,,,,,,,,,,,,,,,,,,,,,,,,,,,,,,,,,,,,,,,,,,,,,,,,,,,,,,,,,0,,,,,,,,,,,,,,,80,,,,,,,,,,,,,,,,,,,,,White,Male,Other
198,,,,,,0,24,31,,,,70,,58,,,,,32,,,,,,,62,,9,,58,,20,,,,,,,,,,,,,,,,0,,,,,,,,,,,,,,,,,,5,,,52,,83,,,,,,34,,,58,,,,66,,,,,,,,,,,,,,,,32,,,,58,,,,,,,,,,,,,,,,,,,,,,,,,,67,,,,69,,,,,,,,,,,,40,,,,,,,,56,,,,,,,,,,,,,,,0,,,,,,,,,,80,88,,,,,,,,,,,,,,,,,,,,,,,,,,,,,,,,,,,91,,,,,,,,,,,64,,,,,,,,,,0,,,,,,,,,,,,,,,,72,,,,,,,,,,,,,,,,,,86,,,,,,,,,,,,,,,,,,,,,,,,,,,,,,White,Male,Other
200,,,,,,,,,,,10,,,,58,25,73,,,,,,,30,,,,,,,,,,,,,,,80,,,,,,,,,,,,53,,,,,,,,,90,,,,,40,,,,,,,,80,,,,,22,,,,,,,,,,,,,,,,47,,,,20,,,,,,,,,10,,2,,,65,65,,,,,,,90,,,,,,,40,,,,,,,,,,,60,,,,,,,,,,,,,,,,,,,,,,,,,,,,,,,65,58,,85,,,60,,,,65,,,,,,,,,69,,,,,,66,,,55,,,,,,,,68,,,,,,,,30,,53,,,,80,,,,,,,,,,60,,,,73,,,,,,,,,70,,,,,,,,,,,70,,,45,,,,,,,,,,,,,,,,,,,,,,,,,,,77,,80,,,,,,,,,,78,,10,,,White,Male,Other
208,,,,,,,,,0,,,,,,10,,,,,,61,29,,,,,,,,,9,,,,,,,,,,,40,,39,90,,30,,,10,,,,,,,,,,,,,30,,,,,30,,,55,,,,30,61,,,,,,70,,,,,,,33,40,,,,,,,,,,,,,,,,11,,,27,,,,,70,,,60,,,30,,,60,,,,,,55,,,,,,,,40,,,,,,,,0,,,,,,40,,,,,,,,,,,,,,,80,,,,20,,,,,,,,,,,,,70,,,,22,,71,,,,29,,15,,,,,,,,,,,,,,,,,,,,,,,,,,,,,,,,75,,,,,,,,,,,,,55,,,,,20,,,,,0,,,29,,,,,,,,,,,0,,,30,,26,,30,,,,60,,,,,,40,,,,,,,,,,,,,,,,,,,White,Male,Other
155,,,,,,,,,,,,,,,,,,,,,,,,,,,,,,,,,,,70,,,20,,,,,,,,,,20,,,51,,,,,0,,,,,,,60,,,,,,55,,,40,,,,,,,100,,70,,,,,,20,,80,,,,,,,,60,,,11,40,,,,,,,,,,45,,,,,,,,,,,82,80,,,20,,,,,,80,,,,,,,,,,90,,,0,70,,,,,,,,,,,,,,,,,60,,,,,,,30,,,,,,,40,,92,70,,,,,,,,,40,,,,,,,,,,,53,,60,,,,35,,,,,,70,,,,,,,,,,,,55,,,,,,60,,,100,,,,,,,,,,,30,,70,,,,9,30,,,,,,72,,,,40,,,,,,,,,,,,,,,,,,,,,,,,,,,,,,,,,,,,,,40,White,Other,Other
148,,,13,15,,2,,,,,,,,77,,,,,,,,,,,,,,,,,,,,,88,,,,,,,,77,69,,,,,,73,76,,,,,,,,,,,36,82,,66,,,,,,65,,,,,,,,,,84,,,,,,,,,,,,,18,39,,,47,,,,,,,,,,,,,,,,,,,,,25,,,,,,,,,,,,62,,,,,,,,,76,,,,,,,57,,,,,,,84,,,,,,,,,,,,,,,,,54,67,,,,,,,,,,,,,,,,,,28,,,,55,,,,,,,,,,,,,,,,,,,,,,,,,,,,,,,83,,,,,,,,,,,,,,,,,,,,,,,,,,,,,,,,,,,,,,,,,,,,,97,,,,,,,,,,,,,,,,,,,,,,,75,,,,,,,Asian,Male,Republican
11,,,,,,,,,,,,,,88,,,,,,,,,81,,,89,,,,,,,,,,,,,,,,,,,74,,,,,33,,,,,,,52,,15,,73,,,97,,,,,,,86,,,,52,,,,,53,,,,,,,,,,7,60,40,,,,,,,,,,,,,22,,33,32,,59,,35,,,,,,,,,,,,,,34,,,,,,,,57,,,,,,,,,,,4,,,,,,,,,,,52,,,,,,,,,,,70,,,,,,,1,34,,,77,,,,,,,,,,,,,,,,,60,,,,,31,,,,,,,,,,,,77,,,,38,,,,,,,,,,22,,,,,69,,37,,,,,,,,24,,,,,40,,,,,,,,,,,,,,,,,,,,52,,,,,,,,,,,,52,,,,,,,,,,,,,,,,,,,,,,Other,Female,Republican
204,,,,,0,,,,,,,,,,,,,,,,,,,,,,,,0,,0,,,,,,,,,,,,,,,,,,,,,,,,,,,,,,,,,,,0,,,,,,,0,0,30,,,0,,,,,,,,,,,,,,,,,,,,,,,,,,,,,,,,0,,,,,,,,,85,,,,,,,,,,,,,,,,,,,,,,,,30,0,,,,,,,,,,,,0,,85,,,,,,,,,,,,,35,,,,,,,,,,,,,,,,,,55,,,,,,,,,,,,,,,55,25,,,,,,,,,45,,,,,,,,,0,,,,,,,,,,,,,,,,,,35,,,,,,,55,,,,,,,,,,,,,,,,,,,0,,,95,,,40,,,,,0,,,,30,,,,,,,,,,,,,30,0,,,,Other,Female,Republican
5,,,,7,33,,,,,,,,,,,,,,,22,27,,,55,13,,,,,36,,15,,,,,,,,,,,,,,,,,,,,,,,,,,11,,,10,,18,,,52,,,54,,90,43,56,,,86,,,,,,,,,,28,,47,,,11,,,40,,,,40,,27,,,,37,,,16,,,,,,,,,,,,,,,,,,,,,,,,69,,,,,,,,,,,74,,,,,,,,,,,,,,,,,,59,,,,,,,,,32,,,,,,,,,,,52,,,,,,25,,,,,,,,,,,,,,,,,,,,,,35,,,,,,,,,,,,,,,,61,,,,,,,,,,,,,42,,,,,11,,,,,,,,,,,,,,,,,,,,,,,,,,,,,,,,,34,,,,,,,,51,,,,,78,,,,,,,,,32,,28,White,Female,Republican
22,,,,,,,,,,,13,91,,71,,,,,,,,,10,71,,,,,,,,,,,,,,,,,,,,,,,,,,,10,,50,,,61,,,,20,6,,,,,,,,,,72,,,,,,,9,,,,,,,,,,,,,,,,,,9,9,,,,61,,,,7,3,,,,,,,,,,,,,,,,,,,,,,,,39,,,,,,,,,,,,,,,,,,,,,,,,,,,5,,,,,,,,,,,,,,,61,,,41,,,,,,,62,,74,72,,,,63,,,,,,,,,51,72,,,,,,,10,,,,,,,,,,,29,,,,,,,,30,,,,,,,,,,,,,,,,40,,,,,,,,,,,,,,,,,,,,,,,,,,,,,,,21,,,,,,,,,,,,,71,,,,,4,,,,70,,,,,,White,Female,Republican
25,38,,,3,,,,43,,,,,,,,57,,,,,,,,,,79,,,67,,74,,72,,,57,,,,,,,,,,,,,,,,59,,,45,64,,,,,,,,99,,0,,,,65,,,,,,66,,,,52,,,,,60,,,,,6,,,,64,,,,,,,,,,,,,,31,,,,,74,,,,,,,,,,,,,,,,,60,64,,,,,,,,,47,,,,,,,,,,,,,,,,,,,,,,,,,,,,,,,,,,,,,,,61,,,,,,,,24,,,,,,,,,,,,,,,,,,,56,,29,,,,,,,,,,,,,,,,,42,,,,,,,,,,,,,29,,,,,55,,,,,,,,,,,,,,,,,,,,,0,,22,,,,,,,,,,,,,,,,,,,,,,,,,,,,,,,,,,White,Female,Republican
29,,,,,,,,,,,,65,,,,,,,,12,36,,,43,,,,,,,,0,,,55,43,,,62,,,,1,,,,,,,,,,81,,,29,6,,,,,,,,,,,1,,,,,,,,,,,3,,,,,,,2,,,,,,,,,,4,,,,,,,,,,,,,,,,,,,,,,,86,,,,,,6,,,58,,,73,,,7,,,,37,,,,,,,,66,,,,,,67,,,27,,,87,,,,,,,,,68,,,,56,,,,,,,,,,,,,,,,,31,,,,,,,,,,,58,,,,,,,,,,,,,26,,,,,,,,,1,66,40,,,,,,65,,55,,,,,,,10,,,,,,,,,,,,,,,,,,,,,,,,,,,91,,,,31,,,,20,1,,,,,16,,,2,,,19,,,,,,,,,,,43,,,,White,Female,Republican
38,,,,7,,,,,,,35,,,,,62,,,,,,,,,,,,60,84,,71,,86,,,,,,79,,,,,65,,,,,,,,,,,,,,,,,,,,,,,62,,85,,91,,,,69,91,,,79,,,,,,,,,,90,,,,,,,,,,,,,,,78,,,,,,,,,,,,,84,,,,,,88,,,23,,,75,,,83,,,,,,97,,,,,,,,,,,,,19,,,,,,,,,,,,,,,,,96,,,82,,,,,,,97,,,,,,,82,,,,,,,,,,,,80,,,93,,,,70,,39,22,,,,,,,,,,,,,,,,,,,,,,,,,,,,,,,,76,74,,12,,,,78,,,,,,,,,,,,,,,,,,7,,,,,,,,,,,,,,72,,,,,,,,,,,,,,,,,,,,78,,White,Female,Republican
40,,,,,,,,,70,,,,,,,,51,,,64,72,,76,,,,61,,,82,70,62,,,,,,,,,,,,,,,,,,55,,,84,,,,,,,72,,,,,,,,,,,,71,,,74,,,,,,72,80,,,,,,,,,,,,,,,,,,,,,,,,,,,,,,,,,,,,,,,,,,,,,,,61,,,,69,69,,,,80,,,,,,,,,,,,65,,29,,,,72,,,,63,,,,,,,,,52,,,,,,,,,,,,,77,,87,72,,,,,,,,,,,,69,,,,,71,,,,,,,,,,,,,,,,,76,,,,,70,67,,85,,,,,,,,,,,,,,,,,,,72,,,,,,,,,,,,,,,,,,,62,78,,,,82,,,72,,,,,,,,,,,,,,,,,,,,,,66,,,,,White,Female,Republican
48,,,,0,,,,,,,,,0,,,,,,,35,,,,,,,,,,,,,,,,69,,,,,,,,,,,,,,0,,38,,,,,,,,0,,,,,,0,,,,,,,60,,0,,,,0,,,,,,30,,,,,,,,,,,,40,,,,,,,,,0,,,,0,,,,,,,,,,,,,90,,,,,,,,,62,,,,,,,,,,,,,,,60,,,,,,,,,90,,,,,,,,,,,,,70,38,,,,,60,,,,,73,,89,,70,,,,60,,,,,,76,,,,,,,,,,,,,,,,,,,,90,,,,,,,,,,,,,67,,,,,,,,,,,,,75,,,0,,,,,,,,,,,,,,,,,,,,,,,,,,0,,,0,,,69,,,,,,,,80,,,,,71,0,,,,,,69,,,,,White,Female,Republican
51,,64,,,,,,,,,,,,,,,,,,,,,,,,,,,,,,,,,,,,,,,,,,100,,,,1,,,,,,,,,,,,,,,,,,27,,,,,,,,,,,,,67,,,,,,,,,,,,,,,,,,,,,,36,,,,,,,,,,,,,94,,,,73,,,,,,,,,100,,,,,70,,82,,,53,46,,,,,,,,,,,,,,,,,,,,,,,,,,38,,,,,,,89,,,,,100,,,,,,68,,,,1,,,,,62,,,,,,,89,78,,,,,,100,,,,,,,,,,68,,70,,,,,,,,,,74,,,,,,,,,98,,,,,,,,,,,,,,,,,,,,,,,,,,,,,,,,,,91,,,,,,,,,,,,,,,,,,,,,,54,,,,,,,,White,Female,Republican
67,,,,,,,,,,,0,,,,,,,,,,,,,,,,0,,0,,,,,,60,0,,,20,,,,,,0,0,,0,,,,,,,,,,,,,,,,,,,,,,,,,,,0,61,0,,,0,,,,31,,,,,,,20,,,,,,,,,,,,,,,0,0,,,,,,,,,,,,,,,,40,,,,,0,,,,58,,,,,0,,0,,,,,,,,,,,,,,,,0,71,,,,,,,,,,,,0,,0,,0,,0,,,,,,,,,,,,,,,70,,,,0,,,,,,,0,,,,,,,,,,,,,,,,,0,,61,,,,0,,,,,0,,,,,,,,,,,,,,,0,,,,,,,,0,,0,,,,,,,,,,,,,,,,,,0,,,0,,,,,,,,,,,,,,,,,,,,,,,,,,White,Female,Republican
93,38,,,,,,,,,23,,,7,,,,,51,,1,,,,,,,,59,,71,11,,,,,,,,,,,,,,,,,,,51,,,100,,,,,,,,,,51,,,,,,,,,,,47,,93,,,,,,,,,,1,,,,,,,,60,,,51,,,,,,,,,,6,,,,,,,,72,93,,,,,,,,,,,45,,,,,,3,11,,,,,40,,,67,,,4,,,,,,,,,,,,,,,,,,,,,,,,,44,,,,,51,,,,,,,,,78,,,,,,,,,,,,,,,,,,,,,,,,,62,,,,,,,,,,93,,,,,,,,,,,,,,,,,89,,,,,,,,,,,,,,,,,,,,,,,,,,26,,,,,,,,,,,,,,,,,,,,,,,,,,,,,,,,,,,,,,White,Female,Republican
102,,,,15,,5,,,,,,,,,,,20,,,,,,40,70,,,10,,,50,,,,,,,,,,,,60,,,,,,,40,,,,,,,,,,,,,,,,,,,,,,,,10,,,,,,,,,,,,,,,,,,,,,,,,,,,,,,,,20,,,,,,,,,90,50,,,,,,,30,,,,,,,,30,,,,,,,,60,,,,,,,,,,,,,,,,,,,,,,,,,,,30,,,,,40,,,,,,,,60,,,,,40,,,,,,30,,,,,,50,,60,,,,,,,,,50,,,,,,,,,,,,,10,,,,,,,,70,,,,,,,,,70,20,,40,,,,,,,,,,,,,,20,30,,,,,50,,,,,,,,50,,,,,,,,,,,,,,,,,,,,,,,,,,,30,20,,,,,White,Female,Republican
173,,,,,,,,,,,,,,,,,,,63,,,,,,,,9,,,80,,,,,,,,,,,,20,,55,,,,,12,,,66,,,,,,68,,,,,,,,,,,,,,,,,,,,,,,,,,,,0,,,,,,,,,,,,,,,,70,,,,,,,,,,,,,,,,,,66,,,,,,,,,16,,,,71,,,,,65,,,,,,,,,,,,,,,,,,,,,,,,,,79,,,71,,22,,,,,,,,,,,,,,62,,,,75,,,,,,,,,,,,,,,,,,,,,,,,,61,,,,,,,,,,,,,,,14,,,,,,,,,,,,69,24,,39,,,,,,,,,77,,,,,,,,,,,,,,,,,,,,,,,12,,,,,,,,,,,,,,,,,,,,,,,36,,40,White,Female,Republican
23,,,52,,,,,,,,,,,100,,,59,,,,60,,,,30,,,,,,,,,,,73,,,,,,,,,,,,,24,,,,,,32,,,,,80,,,60,,,,,,,22,,,,30,,,,,,,,,,,,,,,,25,,,,,,,,,,,,,,37,30,27,,,,27,,,83,,,,,,,,,,,,,62,,80,,,,,,,,,,,,,,100,,78,0,,,33,,,,,,,,,,,,71,,,69,,,,100,100,,,,,,,,,,,,,,,,,,,,,68,,,,87,,,,60,65,,,73,,,,,35,,,56,,,,,80,,,,,,,,,,80,,76,84,,63,,,,,,,,,,,,60,20,,,,,,,,65,66,,,,,,,,,,,,,,85,70,,,,,,,,,,,,,,,,,,,,,,,,,,,,,90,,35,,,White,Male,Republican
35,,,,,,,,,,,,,,,,,,,,70,,,,,,,,,,60,,,,,70,,,,,,,,,,,,70,,,,60,,90,,,11,,,,,,27,,,70,,,,,30,,,,,,,,62,,,,,,,,0,,,,,,,,,,,,,,,,,,,,,,,43,,,78,,,,,,,66,,,,,,,61,,,73,,,,,,,,,,71,,40,64,,,,100,,,,,,,,,,,,,,,,,,,,,60,,,,,,,,,,,,,,,,,,,,,29,,,,,,,,,,,,,,,,,,,,,,,,13,,,,,,,,,,,,,,,,,,,,,,,,45,90,,,,,,,,,,,,,,,,,,,,,,,,,47,,,,,54,,,,,,,,,,,,,,,,,,,,,,,,,,,,,,,,,White,Male,Republican
49,,,,,,,32,,0,,,,,,,,,,,,41,,,65,,80,,,,62,,,,,,,,,96,,,,,,,41,,,,,,24,,,,83,,,,,27,35,,,26,,,,,,,,,,,,43,,,,,,62,17,,,,69,,,13,,,,,,,27,,,,,,,,18,,,,,,,66,,,88,,,,,,,,95,,,,,,,95,,,,,,,71,,,,,,,,72,,,,,,,,,,,,,,,,,,,,30,,,,40,,,,,,,37,41,,,,90,,,,53,,52,,,,,,,,,,,,45,,31,,,,,,,,,,92,10,,,,,,,66,,,,,,,31,,,72,,,,,,,,,,,,,,,25,,,69,,73,,,,,,,,,,,,65,,,,,,,,,,,32,,,,,,,,,,,,,,,,,,,,,,,,,,,White,Male,Republican
64,,,,,18,,,,,,19,,,,,,,,,,,34,,,,,,,,,,,,,71,,,,,30,,,,,,,,,,,,,,,,,,,,,,,,,,,,,,,,,,,,,,,,,,,,,,,,,,,,,,,,,,,,,96,,,,,,,,,51,,,,,70,,,,,,92,,,97,,,30,82,35,,,,,,,,,72,,,,,,,,,,,,,,92,,,,92,,,,59,,,,,,,,,,,,,,,,,,,,,,,,,,,,,,,,,,,,,,,,,,,,,,,,,,,,,,,,,81,,,,,,80,97,,20,,,41,,,,,61,,95,,,,,,,,,,,,30,,32,80,,,,,,,,,,,,,,,,,,57,,,,,,81,,,,,,,,,,,,,,,15,,,,,,,,,,White,Male,Republican
75,,30,65,,,,,,,,55,,,,,,,,,,,,,,,,,70,80,,,,80,,,,,,,,,,75,,,,,,,,,,,,,,,70,,70,,,,,65,,,,,65,,,15,,,,,,,,,,,,,,,,,,,,,,,,,,,55,5,,60,,,,,,,,,,,,,,,,,,,,,,,,,,60,,,,,70,,,65,40,,,,85,55,,,,,,,,,,,,20,,,,,,,,,,40,,,,,,,,,,45,,,65,,,20,95,40,,20,,,,,,,,,,,,,,,,,,,,40,,,70,,,,,55,,,,20,,,,,25,,,,,,,,,,,75,,,,,,65,,,,,,,75,,,,,85,,45,,,,70,,25,,,60,,10,,,,,,,,,,25,,,,,,,,,,,,,,,,30,,,,,,,,,,White,Male,Republican
99,,20,,,,24,10,,,4,,,,90,,40,24,,,,,,,,,,,,79,,,,,,,,,,,,,,60,30,,25,,,25,,,,,,,60,,,5,,,,66,,,,,,29,,,,,,70,,,,60,,,,,,71,,,,,,,,,,,,,,,,,,,40,40,,14,,,,,,,75,82,,,,,,,,,,10,,,,,9,,,,,,,80,,,,,,,,,,65,,34,,,,,,,,,,69,,,20,,,,,,,,,40,,,,,,,,,,,,,,39,,,,,,,,,,,,,,,,,,,,,35,,,,,,,,55,,,,,,,,,,,,39,,,56,,,,,,,,,,,,,,,,,,30,66,,,,,,,,,,,,,,,,,,,,,,,,,,,,,,,,,,,66,,,,,70,,10,,30,,71,,,,,,White,Male,Republican
116,,,,0,0,,,,,,13,82,,,,,,,,,,,,72,,,0,,,,0,1,,,,,,,,,,,,,,,,,0,,,,,,,,0,,,,,,,,,,,,0,0,,0,1,,,,,,,,,,,,,,,,,,,,,,,,51,,,,,,,,5,,,,,,,,,,,,,,,0,,,,,8,,,,,0,,,,,29,0,,,,,,,,,,,,,,,,0,,,,,,,,57,,,,51,,0,,,,,,,,,,,,,,,,51,,70,0,,,,,,9,,,,,0,,,,,0,,,,,,,,,0,,,,,0,,,,,,,,,,,,,,,,,,,,,,,,0,,,,,,0,,,,,,0,,,,,,,,,,,,,,32,,,,,,,,,0,,,,,36,,,,,,,,,,,,,,,51,,,0,,,White,Male,Republican
121,,,,,,55,,,,,58,,,,78,,,42,57,,,,,,,,81,,,,,,,,,,43,,,,66,,,,70,,,,,,,,,43,,63,,,,,,,,,,,,,,,,,,,81,,,37,,,,,,,,23,44,,,43,,46,,,,,82,,,,,,,,,,,,,,,,,,,,,,79,,,,,,,,,,,,,,,58,,,,,,,,,,,,,,,,,,,60,,,,,,,85,,,,,,,,70,40,,,,,45,70,32,,,,,,,,81,,,,,,,,,,,,,,,76,,,,,,,41,,,,,70,,,,,,,,,,,41,75,,79,,,,,,,,,,,,,,,,,,67,,,,,,,,,,,,,,,,,,,,,,59,,,,,,,,61,25,,,,,,,,,,,,,,,,,,69,,,,,,,,White,Male,Republican
136,,,9,,,,9,,,,,,,,61,19,,,,,,,,,,,,,,,,,,,,,,,,70,,,,,,,,,,,,,,,,,,,,75,,,,,,,,,,,,,,,39,86,3,,19,,,,,,,,0,,,,,,,11,,,,,,,,,,,,,,,,,,,,,,,51,,,,,,87,,,,32,,,,,83,,,,,,,,,,,,,0,,,,,,,,,,,,,75,,,0,,,,,,,,,,,64,,,,,,29,,,,,,,24,,66,,,,,,,,,,,,,9,,,,,,,,,,,,,,,,,39,,,,,,,,,,,,61,,77,,,31,,,,,,,,,,,,,,,,,,,,71,,,,,,,,,,0,,57,,,,,,,,,,,51,51,,,,,,,,16,,,71,,16,,,,,5,,66,,White,Male,Republican
145,,,,,,,,,,,,,,98,,,,,,,,,,,,,,,,,74,,,86,,,,,,,80,,,,,,,36,,,,,,,69,,,,,,,,,,,,,,63,,,,,60,,,,,,,,,,,,,,,,,,,,,,,,,,,,,,,,,,,,,,,,,,,,,,,,,83,75,,71,64,,,,,,,,,,,,,,,,61,,,,,,,,,,,,,,36,,,,,,,,,,,,,,,,,,,,,,,,,,,,,,,,,,,,,,,,,,,,,,,,,,,,,,,,,,,,,,,,,,78,,,,,67,,,,,,,,,,,,,,66,,,96,,,,,,,,,,,,,,,,,,,,,,,,,59,,,,,,,,,,,,,,,,,,,,,,,,,,,,,,White,Male,Republican
191,,,,,,,,,90,,80,,,,,,,,60,100,,,,,,,,,,,,48,,,66,100,76,,100,,,,90,,,,75,,,,,,,,45,,,,,,,,86,,,,,,,,,,,75,,100,,55,,,,,80,,,,,,,,,,,100,,,,,,70,,,,,,,,,,,60,66,,,,76,,,,55,,65,,90,,,,,,,,,,,,,,,,,,,,,,,,,,,,,,,,,,,,,,,,,,,60,,,,,,,,,,,100,,,,,,100,,5,,,,,,,,,,,,85,,100,,,,,80,,,,,85,,,,,95,,,,,0,,,,,,,,,,,,,,,,,,75,75,,,,,,,,,,,,,85,,71,66,,,,,,55,,,,,100,,,,,,73,,,,,,,,,,,,,,,,,,,,,,,,,,,,White,Male,Republican
196,90,,,,,91,10,,,,,,,,,10,,,,,,,,,,,,70,,99,,,,,,,,,90,,,,,,,,,81,,21,,81,,,,,,,29,,,,,,,,,,,,,,,,85,,,,,,,,,,,,,,,,,,,9,,10,,18,,,,72,,,,9,,,,10,,,,,70,,,,,94,,,,,,,,,,88,,,,,,,,,,,,,,,,29,5,,,,,,,,,,,,,,,,,,,,,,93,,,72,,88,,,,,,,62,,,,,,,,,,,,80,33,,,,,,,,,,91,,,,,,,,,,,,,,,,,,,,,,61,,,,,,,,,,,,,,,,,,80,,,,,,,,,,,,,,,,,,,,,,,,,,,,,,20,,,,30,,,,,,,,,,,,,,,84,,,90,,,,White,Male,Republican
197,,,,,,,,,,,,,,,,,,40,,,,,,,,,,0,,,,0,,,,,,,,58,,,,,,,,,,,,,,,,,,0,,,,,,94,,,,,,,,,,,,,,,,40,,,,,35,,,,73,,,,,,,,45,,,,5,,,,,,,,,,,,,,,,28,,,,,,,,,,,,74,,,70,72,,,,,,,76,,,,,,44,,,,,,,,,,,,,,72,,5,,,,,80,80,,,,,,,,,,55,,,,,,,,,,,,,,10,,,56,,,72,,,,,,39,,,,,,28,,,,,,,,,,,,,,,,,,,,,70,,,46,,,,,73,,,,,83,,,,,,,,,,,,,,,,0,0,,,,,,,,15,,,,,,,,,,,,,,,,,,,,,0,,16,,,,21,,,,White,Other,Republican